EID,GPUTime (レs),ExecutionDuration (レs),ExecutionStart (レs),ExecutionEnd (レs),GPUBusyCycles (cycles),TessellatorBusyCycles (cycles),VSBusyCycles (cycles),VSTime (レs),HSBusyCycles (cycles),HSTime (レs),DSBusyCycles (cycles),DSTime (レs),GSBusyCycles (cycles),GSTime (レs),PSBusyCycles (cycles),PSTime (レs),CSBusyCycles (cycles),CSTime (レs),VSVerticesIn,VSVALUInstCount,VSSALUInstCount,VSVALUBusyCycles (cycles),VSSALUBusyCycles (cycles),HSPatches,HSVALUInstCount,HSSALUInstCount,HSVALUBusyCycles (cycles),HSSALUBusyCycles (cycles),DSVerticesIn,DSVALUInstCount,DSSALUInstCount,DSVALUBusyCycles (cycles),DSSALUBusyCycles (cycles),GSPrimsIn,GSVerticesOut,GSVALUInstCount,GSSALUInstCount,GSVALUBusyCycles (cycles),GSSALUBusyCycles (cycles),PrimitiveAssemblyBusyCycles (cycles),PrimitivesIn,CulledPrims,ClippedPrims,PAStalledOnRasterizerCycles (cycles),PSPixelsOut,PSExportStallsCycles (cycles),PSVALUInstCount,PSSALUInstCount,PSVALUBusyCycles (cycles),PSSALUBusyCycles (cycles),CSThreadGroups,CSWavefronts,CSThreads,CSThreadGroupSize,CSVALUInsts,CSSALUInsts,CSVFetchInsts,CSSFetchInsts,CSVWriteInsts,CSFlatVMemInsts,CSVALUBusyCycles (cycles),CSSALUBusyCycles (cycles),CSMemUnitBusyCycles (cycles),CSMemUnitStalledCycles (cycles),CSWriteUnitStalledCycles (cycles),CSGDSInsts,CSLDSInsts,CSFlatLDSInsts,CSALUStalledByLDSCycles (cycles),CSLDSBankConflictCycles (cycles),TexUnitBusyCycles (cycles),TexTriFilteringCount,NoTexTriFilteringCount,TexVolFilteringCount,NoTexVolFilteringCount,TexAveAnisotropy,DepthStencilTestBusyCycles (cycles),HiZTilesAcceptedCount,HiZTilesRejectedCount,PreZTilesDetailCulledCount,PreZTilesDetailSurvivingCount,HiZQuadsCulledCount,HiZQuadsAcceptedCount,PreZQuadsCulledCount,PreZQuadsSurvivingCount,PostZQuadCount,PreZSamplesPassing,PreZSamplesFailingS,PreZSamplesFailingZ,PostZSamplesPassing,PostZSamplesFailingS,PostZSamplesFailingZ,ZUnitStalledCycles (cycles),DBMemRead (bytes),DBMemWritten (bytes),CBMemRead (bytes),CBColorAndMaskRead (bytes),CBMemWritten (bytes),CBColorAndMaskWritten (bytes),CBSlowPixelCount,L0TagConflictReadStalledCycles,L0TagConflictWriteStalledCycles,L0TagConflictAtomicStalledCycles,FetchSize (bytes),WriteSize (bytes),CacheHitCount,CacheMissCount,MemUnitBusyCycles (cycles),MemUnitStalledCycles (cycles),WriteUnitStalledCycles (cycles)
269,3024.48,3023.52,1.06512E+10,1.06511E+10,3894598.00,0.00,3814.00,2.96189,0.00,0.00,0.00,0.00,0.00,0.00,3886432.00,3020.29278,0.00,0.00,4.00,2.00,2.00,0.05556,0.05556,0.00,0.00,0.00,0.00,0.00,0.00,0.00,0.00,0.00,0.00,0.00,0.00,0.00,0.00,0.00,0.00,3370.00,2.00,0.00,0.00,0.00,1205424.00,1745.00,2412.00,24.00,1472702.91667,12600.66667,0.00,0.00,0.00,0.00,0.00,0.00,0.00,0.00,0.00,0.00,0.00,0.00,0.00,0.00,0.00,0.00,0.00,0.00,0.00,0.00,3882386.00,0.00,7.19575E+07,0.00,7.19495E+07,1.00,3668330.00,19266.00,0.00,0.00,19266.00,0.00,302338.00,0.00,302338.00,302338.00,18032.00,0.00,0.00,0.00,0.00,0.00,1072.00,0.00,0.00,256704.00,346944.00,1.92465E+07,1.93119E+07,302338.00,1327652.00,0.00,0.00,3.19629E+07,0.00,1.68427E+07,499447.00,3882386.00,0.00,0.00
303,1154.24,1157.44,1.06512E+10,1.06511E+10,1488893.00,0.00,2651.00,2.05514,0.00,0.00,0.00,0.00,0.00,0.00,1483694.00,1149.98557,0.00,0.00,4.00,2.00,2.00,0.05556,0.05556,0.00,0.00,0.00,0.00,0.00,0.00,0.00,0.00,0.00,0.00,0.00,0.00,0.00,0.00,0.00,0.00,2795.00,2.00,0.00,0.00,0.00,1205424.00,9633.00,84.24512,31.26957,48828.66667,16413.91667,0.00,0.00,0.00,0.00,0.00,0.00,0.00,0.00,0.00,0.00,0.00,0.00,0.00,0.00,0.00,0.00,0.00,0.00,0.00,0.00,1481940.00,0.00,8343320.00,0.00,8335682.00,1.00,1439435.00,19266.00,0.00,0.00,19266.00,0.00,302338.00,0.00,302338.00,302338.00,18032.00,0.00,0.00,0.00,0.00,0.00,5377.00,0.00,0.00,344160.00,434400.00,1.92495E+07,1.93150E+07,302338.00,148100.00,0.00,0.00,1.77882E+08,0.00,3004834.00,2780348.00,1481940.00,0.00,0.00
248,704.96,861.92,1.06512E+10,1.06511E+10,907804.00,0.00,7715.00,5.99112,0.00,0.00,0.00,0.00,0.00,0.00,895789.00,695.64578,0.00,0.00,6.00,110.00,11.00,3.38889,0.30556,0.00,0.00,0.00,0.00,0.00,0.00,0.00,0.00,0.00,0.00,0.00,0.00,0.00,0.00,0.00,0.00,8081.00,2.00,0.00,2.00,0.00,6088192.00,471217.00,136.00,24.00,52206.86111,7980.66667,0.00,0.00,0.00,0.00,0.00,0.00,0.00,0.00,0.00,0.00,0.00,0.00,0.00,0.00,0.00,0.00,0.00,0.00,0.00,0.00,64011.00,0.00,2009772.00,0.00,2009748.00,1.00,23954.00,12565.00,0.00,0.00,12565.00,0.00,191528.00,1.00,191527.00,191527.00,0.00,0.00,0.00,761024.00,0.00,0.00,498692.00,119008.00,419072.00,1146368.00,1768960.00,9.03323E+07,9.19238E+07,1532216.00,5832.00,0.00,0.00,1.38606E+07,0.00,222791.00,216579.00,64011.00,0.00,0.00
276,506.72,514.40,1.06512E+10,1.06511E+10,654621.00,0.00,2677.00,2.07218,0.00,0.00,0.00,0.00,0.00,0.00,652904.00,501.55773,0.00,0.00,4.00,2.00,2.00,0.05556,0.05556,0.00,0.00,0.00,0.00,0.00,0.00,0.00,0.00,0.00,0.00,0.00,0.00,0.00,0.00,0.00,0.00,2764.00,2.00,0.00,0.00,0.00,2410848.00,2523.00,47.00,37.00,27820.58333,19421.91667,0.00,0.00,0.00,0.00,0.00,0.00,0.00,0.00,0.00,0.00,0.00,0.00,0.00,0.00,0.00,0.00,0.00,0.00,0.00,0.00,647249.00,0.00,1.79409E+07,0.00,1.79355E+07,1.00,607995.00,19266.00,0.00,0.00,19266.00,0.00,302338.00,0.00,302338.00,302338.00,18032.00,0.00,0.00,0.00,0.00,0.00,2425.00,0.00,0.00,693824.00,874560.00,3.85646E+07,3.87191E+07,604676.00,736.00,0.00,0.00,1.98030E+07,0.00,402314.00,309419.00,647249.00,0.00,0.00
321,213.44,218.08,1.06512E+10,1.06511E+10,279918.00,0.00,2671.00,2.03666,0.00,0.00,0.00,0.00,0.00,0.00,273248.00,207.39901,0.00,0.00,4.00,2.00,2.00,0.05556,0.05556,0.00,0.00,0.00,0.00,0.00,0.00,0.00,0.00,0.00,0.00,0.00,0.00,0.00,0.00,0.00,0.00,3092.00,2.00,0.00,0.00,0.00,1205424.00,183233.00,26.00,12.00,27820.58333,6299.00,0.00,0.00,0.00,0.00,0.00,0.00,0.00,0.00,0.00,0.00,0.00,0.00,0.00,0.00,0.00,0.00,0.00,0.00,0.00,0.00,77364.00,0.00,1055153.00,0.00,1055025.00,1.00,259910.00,19266.00,0.00,0.00,19266.00,0.00,302338.00,0.00,302338.00,302338.00,18032.00,0.00,0.00,0.00,0.00,0.00,195451.00,0.00,0.00,49920.00,140160.00,1.92495E+07,1.93150E+07,302338.00,0.00,0.00,0.00,1.94244E+07,0.00,269.00,303502.00,77364.00,0.00,0.00
229,159.04,159.52,1.06512E+10,1.06511E+10,199840.00,0.00,4219.00,3.35763,0.00,0.00,0.00,0.00,0.00,0.00,192430.00,151.8428,0.00,0.00,9.00,11.00,4.00,0.30556,0.11111,0.00,0.00,0.00,0.00,0.00,0.00,0.00,0.00,0.00,0.00,0.00,0.00,0.00,0.00,0.00,0.00,4999.00,12.00,6.00,4.00,0.00,1205424.00,109712.00,13.00,9.00,8393.33333,4721.25,0.00,0.00,0.00,0.00,0.00,0.00,0.00,0.00,0.00,0.00,0.00,0.00,0.00,0.00,0.00,0.00,0.00,0.00,0.00,0.00,61158.00,0.00,1055037.00,0.00,1054885.00,1.00,182938.00,19170.00,0.00,0.00,19170.00,0.00,302130.00,1.00,302129.00,302129.00,11888.00,0.00,0.00,0.00,0.00,0.00,114040.00,0.00,0.00,36288.00,126016.00,1.92510E+07,1.93177E+07,302129.00,0.00,0.00,0.00,6569024.00,0.00,146469.00,102629.00,61158.00,0.00,0.00
364,100.64,178.40,1.06512E+10,1.06511E+10,141096.00,0.00,1844.00,1.31528,0.00,0.00,0.00,0.00,0.00,0.00,136362.00,98.25992,0.00,0.00,4.00,13.00,3.00,0.36111,0.08333,0.00,0.00,0.00,0.00,0.00,0.00,0.00,0.00,0.00,0.00,0.00,0.00,0.00,0.00,0.00,0.00,1583.00,2.00,0.00,0.00,0.00,562836.00,583.00,18.00,11.00,4418.50,2700.19444,0.00,0.00,0.00,0.00,0.00,0.00,0.00,0.00,0.00,0.00,0.00,0.00,0.00,0.00,0.00,0.00,0.00,0.00,0.00,0.00,135717.00,0.00,492062.00,0.00,492098.00,1.00,118175.00,9214.00,0.00,0.00,9214.00,0.00,141363.00,0.00,141363.00,141363.00,20244.00,0.00,0.00,0.00,0.00,0.00,1147.00,0.00,0.00,68608.00,68608.00,1069856.00,1069856.00,0.00,9540.00,0.00,0.00,1.88023E+07,0.00,83522.00,293829.00,135717.00,0.00,0.00
30,80.64,81.28,1.06512E+10,1.06511E+10,104838.00,0.00,0.00,0.00,0.00,0.00,0.00,0.00,0.00,0.00,0.00,0.00,0.00,0.00,0.00,0.00,0.00,0.00,0.00,0.00,0.00,0.00,0.00,0.00,0.00,0.00,0.00,0.00,0.00,0.00,0.00,0.00,0.00,0.00,0.00,17.00,0.00,0.00,0.00,0.00,1205424.00,25780.00,0.00,0.00,0.00,0.00,0.00,0.00,0.00,0.00,0.00,0.00,0.00,0.00,0.00,0.00,0.00,0.00,0.00,0.00,0.00,0.00,0.00,0.00,0.00,0.00,0.00,0.00,0.00,0.00,0.00,0.00,6170.00,106.00,0.00,0.00,106.00,0.00,301752.00,0.00,301752.00,301752.00,560.00,0.00,0.00,0.00,0.00,0.00,0.00,0.00,0.00,0.00,79872.00,7221888.00,7278208.00,301752.00,0.00,0.00,0.00,0.00,0.00,0.00,0.00,0.00,0.00,0.00
31,79.68,159.84,1.06512E+10,1.06511E+10,105266.00,0.00,0.00,0.00,0.00,0.00,0.00,0.00,0.00,0.00,0.00,0.00,0.00,0.00,0.00,0.00,0.00,0.00,0.00,0.00,0.00,0.00,0.00,0.00,0.00,0.00,0.00,0.00,0.00,0.00,0.00,0.00,0.00,0.00,0.00,17.00,0.00,0.00,0.00,0.00,1205424.00,26515.00,0.00,0.00,0.00,0.00,0.00,0.00,0.00,0.00,0.00,0.00,0.00,0.00,0.00,0.00,0.00,0.00,0.00,0.00,0.00,0.00,0.00,0.00,0.00,0.00,0.00,0.00,0.00,0.00,0.00,0.00,6350.00,106.00,0.00,0.00,106.00,0.00,301752.00,0.00,301752.00,301752.00,560.00,0.00,0.00,0.00,0.00,0.00,76.00,0.00,0.00,0.00,79872.00,7248384.00,7328256.00,301752.00,0.00,0.00,0.00,0.00,0.00,0.00,0.00,0.00,0.00,0.00
36,79.68,81.12,1.06512E+10,1.06511E+10,104696.00,0.00,0.00,0.00,0.00,0.00,0.00,0.00,0.00,0.00,0.00,0.00,0.00,0.00,0.00,0.00,0.00,0.00,0.00,0.00,0.00,0.00,0.00,0.00,0.00,0.00,0.00,0.00,0.00,0.00,0.00,0.00,0.00,0.00,0.00,17.00,0.00,0.00,0.00,0.00,1205424.00,25365.00,0.00,0.00,0.00,0.00,0.00,0.00,0.00,0.00,0.00,0.00,0.00,0.00,0.00,0.00,0.00,0.00,0.00,0.00,0.00,0.00,0.00,0.00,0.00,0.00,0.00,0.00,0.00,0.00,0.00,0.00,6202.00,106.00,0.00,0.00,106.00,0.00,301752.00,0.00,301752.00,301752.00,560.00,0.00,0.00,0.00,0.00,0.00,4.00,0.00,0.00,0.00,79872.00,7248384.00,7328256.00,301752.00,0.00,0.00,0.00,0.00,0.00,0.00,0.00,0.00,0.00,0.00
40,79.68,81.44,1.06512E+10,1.06511E+10,104551.00,0.00,0.00,0.00,0.00,0.00,0.00,0.00,0.00,0.00,0.00,0.00,0.00,0.00,0.00,0.00,0.00,0.00,0.00,0.00,0.00,0.00,0.00,0.00,0.00,0.00,0.00,0.00,0.00,0.00,0.00,0.00,0.00,0.00,0.00,17.00,0.00,0.00,0.00,0.00,1205424.00,26583.00,0.00,0.00,0.00,0.00,0.00,0.00,0.00,0.00,0.00,0.00,0.00,0.00,0.00,0.00,0.00,0.00,0.00,0.00,0.00,0.00,0.00,0.00,0.00,0.00,0.00,0.00,0.00,0.00,0.00,0.00,6360.00,106.00,0.00,0.00,106.00,0.00,301752.00,0.00,301752.00,301752.00,560.00,0.00,0.00,0.00,0.00,0.00,72.00,0.00,0.00,0.00,79872.00,7248384.00,7328256.00,301752.00,0.00,0.00,0.00,0.00,0.00,0.00,0.00,0.00,0.00,0.00
32,79.52,238.88,1.06512E+10,1.06511E+10,105548.00,0.00,0.00,0.00,0.00,0.00,0.00,0.00,0.00,0.00,0.00,0.00,0.00,0.00,0.00,0.00,0.00,0.00,0.00,0.00,0.00,0.00,0.00,0.00,0.00,0.00,0.00,0.00,0.00,0.00,0.00,0.00,0.00,0.00,0.00,17.00,0.00,0.00,0.00,0.00,1205424.00,26057.00,0.00,0.00,0.00,0.00,0.00,0.00,0.00,0.00,0.00,0.00,0.00,0.00,0.00,0.00,0.00,0.00,0.00,0.00,0.00,0.00,0.00,0.00,0.00,0.00,0.00,0.00,0.00,0.00,0.00,0.00,6252.00,106.00,0.00,0.00,106.00,0.00,301752.00,0.00,301752.00,301752.00,560.00,0.00,0.00,0.00,0.00,0.00,4.00,0.00,0.00,0.00,79872.00,7248384.00,7328256.00,301752.00,0.00,0.00,0.00,0.00,0.00,0.00,0.00,0.00,0.00,0.00
48,79.36,81.76,1.06512E+10,1.06511E+10,103976.00,0.00,0.00,0.00,0.00,0.00,0.00,0.00,0.00,0.00,0.00,0.00,0.00,0.00,0.00,0.00,0.00,0.00,0.00,0.00,0.00,0.00,0.00,0.00,0.00,0.00,0.00,0.00,0.00,0.00,0.00,0.00,0.00,0.00,0.00,17.00,0.00,0.00,0.00,0.00,1205424.00,25462.00,0.00,0.00,0.00,0.00,0.00,0.00,0.00,0.00,0.00,0.00,0.00,0.00,0.00,0.00,0.00,0.00,0.00,0.00,0.00,0.00,0.00,0.00,0.00,0.00,0.00,0.00,0.00,0.00,0.00,0.00,6524.00,106.00,0.00,0.00,106.00,0.00,301752.00,0.00,301752.00,301752.00,560.00,0.00,0.00,0.00,0.00,0.00,1.00,0.00,0.00,0.00,79872.00,7248384.00,7328256.00,301752.00,0.00,0.00,0.00,0.00,0.00,0.00,0.00,0.00,0.00,0.00
38,79.04,81.44,1.06512E+10,1.06511E+10,103697.00,0.00,0.00,0.00,0.00,0.00,0.00,0.00,0.00,0.00,0.00,0.00,0.00,0.00,0.00,0.00,0.00,0.00,0.00,0.00,0.00,0.00,0.00,0.00,0.00,0.00,0.00,0.00,0.00,0.00,0.00,0.00,0.00,0.00,0.00,17.00,0.00,0.00,0.00,0.00,1205424.00,25955.00,0.00,0.00,0.00,0.00,0.00,0.00,0.00,0.00,0.00,0.00,0.00,0.00,0.00,0.00,0.00,0.00,0.00,0.00,0.00,0.00,0.00,0.00,0.00,0.00,0.00,0.00,0.00,0.00,0.00,0.00,6006.00,106.00,0.00,0.00,106.00,0.00,301752.00,0.00,301752.00,301752.00,560.00,0.00,0.00,0.00,0.00,0.00,0.00,0.00,0.00,0.00,79872.00,7248384.00,7328256.00,301752.00,0.00,0.00,0.00,0.00,0.00,0.00,0.00,0.00,0.00,0.00
44,79.04,81.60,1.06512E+10,1.06511E+10,104690.00,0.00,0.00,0.00,0.00,0.00,0.00,0.00,0.00,0.00,0.00,0.00,0.00,0.00,0.00,0.00,0.00,0.00,0.00,0.00,0.00,0.00,0.00,0.00,0.00,0.00,0.00,0.00,0.00,0.00,0.00,0.00,0.00,0.00,0.00,17.00,0.00,0.00,0.00,0.00,1205424.00,26776.00,0.00,0.00,0.00,0.00,0.00,0.00,0.00,0.00,0.00,0.00,0.00,0.00,0.00,0.00,0.00,0.00,0.00,0.00,0.00,0.00,0.00,0.00,0.00,0.00,0.00,0.00,0.00,0.00,0.00,0.00,6138.00,106.00,0.00,0.00,106.00,0.00,301752.00,0.00,301752.00,301752.00,560.00,0.00,0.00,0.00,0.00,0.00,18.00,0.00,0.00,0.00,79872.00,7248384.00,7328256.00,301752.00,0.00,0.00,0.00,0.00,0.00,0.00,0.00,0.00,0.00,0.00
50,79.04,80.96,1.06512E+10,1.06511E+10,103976.00,0.00,0.00,0.00,0.00,0.00,0.00,0.00,0.00,0.00,0.00,0.00,0.00,0.00,0.00,0.00,0.00,0.00,0.00,0.00,0.00,0.00,0.00,0.00,0.00,0.00,0.00,0.00,0.00,0.00,0.00,0.00,0.00,0.00,0.00,17.00,0.00,0.00,0.00,0.00,1205424.00,25889.00,0.00,0.00,0.00,0.00,0.00,0.00,0.00,0.00,0.00,0.00,0.00,0.00,0.00,0.00,0.00,0.00,0.00,0.00,0.00,0.00,0.00,0.00,0.00,0.00,0.00,0.00,0.00,0.00,0.00,0.00,6004.00,106.00,0.00,0.00,106.00,0.00,301752.00,0.00,301752.00,301752.00,560.00,0.00,0.00,0.00,0.00,0.00,8.00,0.00,0.00,0.00,79872.00,7248384.00,7328256.00,301752.00,0.00,0.00,0.00,0.00,0.00,0.00,0.00,0.00,0.00,0.00
33,78.72,317.76,1.06512E+10,1.06511E+10,103838.00,0.00,0.00,0.00,0.00,0.00,0.00,0.00,0.00,0.00,0.00,0.00,0.00,0.00,0.00,0.00,0.00,0.00,0.00,0.00,0.00,0.00,0.00,0.00,0.00,0.00,0.00,0.00,0.00,0.00,0.00,0.00,0.00,0.00,0.00,17.00,0.00,0.00,0.00,0.00,1205424.00,25823.00,0.00,0.00,0.00,0.00,0.00,0.00,0.00,0.00,0.00,0.00,0.00,0.00,0.00,0.00,0.00,0.00,0.00,0.00,0.00,0.00,0.00,0.00,0.00,0.00,0.00,0.00,0.00,0.00,0.00,0.00,6342.00,106.00,0.00,0.00,106.00,0.00,301752.00,0.00,301752.00,301752.00,560.00,0.00,0.00,0.00,0.00,0.00,0.00,0.00,0.00,0.00,79872.00,7248384.00,7328256.00,301752.00,0.00,0.00,0.00,0.00,0.00,0.00,0.00,0.00,0.00,0.00
34,78.56,394.88,1.06512E+10,1.06511E+10,103124.00,0.00,0.00,0.00,0.00,0.00,0.00,0.00,0.00,0.00,0.00,0.00,0.00,0.00,0.00,0.00,0.00,0.00,0.00,0.00,0.00,0.00,0.00,0.00,0.00,0.00,0.00,0.00,0.00,0.00,0.00,0.00,0.00,0.00,0.00,17.00,0.00,0.00,0.00,0.00,1205424.00,25408.00,0.00,0.00,0.00,0.00,0.00,0.00,0.00,0.00,0.00,0.00,0.00,0.00,0.00,0.00,0.00,0.00,0.00,0.00,0.00,0.00,0.00,0.00,0.00,0.00,0.00,0.00,0.00,0.00,0.00,0.00,6278.00,106.00,0.00,0.00,106.00,0.00,301752.00,0.00,301752.00,301752.00,560.00,0.00,0.00,0.00,0.00,0.00,0.00,0.00,0.00,0.00,79872.00,7248384.00,7328256.00,301752.00,0.00,0.00,0.00,0.00,0.00,0.00,0.00,0.00,0.00,0.00
42,78.24,80.96,1.06512E+10,1.06511E+10,104267.00,0.00,0.00,0.00,0.00,0.00,0.00,0.00,0.00,0.00,0.00,0.00,0.00,0.00,0.00,0.00,0.00,0.00,0.00,0.00,0.00,0.00,0.00,0.00,0.00,0.00,0.00,0.00,0.00,0.00,0.00,0.00,0.00,0.00,0.00,17.00,0.00,0.00,0.00,0.00,1205424.00,25881.00,0.00,0.00,0.00,0.00,0.00,0.00,0.00,0.00,0.00,0.00,0.00,0.00,0.00,0.00,0.00,0.00,0.00,0.00,0.00,0.00,0.00,0.00,0.00,0.00,0.00,0.00,0.00,0.00,0.00,0.00,6544.00,106.00,0.00,0.00,106.00,0.00,301752.00,0.00,301752.00,301752.00,560.00,0.00,0.00,0.00,0.00,0.00,42.00,0.00,0.00,0.00,79872.00,7248384.00,7328256.00,301752.00,0.00,0.00,0.00,0.00,0.00,0.00,0.00,0.00,0.00,0.00
46,78.08,81.12,1.06512E+10,1.06511E+10,104123.00,0.00,0.00,0.00,0.00,0.00,0.00,0.00,0.00,0.00,0.00,0.00,0.00,0.00,0.00,0.00,0.00,0.00,0.00,0.00,0.00,0.00,0.00,0.00,0.00,0.00,0.00,0.00,0.00,0.00,0.00,0.00,0.00,0.00,0.00,17.00,0.00,0.00,0.00,0.00,1205424.00,26783.00,0.00,0.00,0.00,0.00,0.00,0.00,0.00,0.00,0.00,0.00,0.00,0.00,0.00,0.00,0.00,0.00,0.00,0.00,0.00,0.00,0.00,0.00,0.00,0.00,0.00,0.00,0.00,0.00,0.00,0.00,6238.00,106.00,0.00,0.00,106.00,0.00,301752.00,0.00,301752.00,301752.00,560.00,0.00,0.00,0.00,0.00,0.00,0.00,0.00,0.00,0.00,79872.00,7248384.00,7328256.00,301752.00,0.00,0.00,0.00,0.00,0.00,0.00,0.00,0.00,0.00,0.00
334,35.36,36.80,1.06512E+10,1.06511E+10,47889.00,0.00,3465.00,2.55847,0.00,0.00,0.00,0.00,0.00,0.00,41702.00,30.69617,0.00,0.00,4.00,13.00,3.00,0.36111,0.08333,0.00,0.00,0.00,0.00,0.00,0.00,0.00,0.00,0.00,0.00,0.00,0.00,0.00,0.00,0.00,0.00,3437.00,2.00,0.00,0.00,0.00,1175328.00,2450.00,18.00,11.00,9226.50,5638.41667,0.00,0.00,0.00,0.00,0.00,0.00,0.00,0.00,0.00,0.00,0.00,0.00,0.00,0.00,0.00,0.00,0.00,0.00,0.00,0.00,17748.00,0.00,1029534.00,0.00,1029213.00,1.00,38969.00,18868.00,0.00,0.00,18868.00,0.00,295206.00,0.00,295206.00,295206.00,25696.00,0.00,0.00,0.00,0.00,0.00,3535.00,0.00,0.00,7712.00,29216.00,613280.00,613280.00,0.00,0.00,0.00,0.00,896.00,0.00,86.00,14.00,17748.00,0.00,0.00
337,32.80,70.24,1.06512E+10,1.06511E+10,45416.00,0.00,3714.00,2.6823,0.00,0.00,0.00,0.00,0.00,0.00,40622.00,28.88049,0.00,0.00,783.00,13.00,3.00,5.05556,1.16667,0.00,0.00,0.00,0.00,0.00,0.00,0.00,0.00,0.00,0.00,0.00,0.00,0.00,0.00,0.00,0.00,3496.00,611.00,0.00,0.00,0.00,1215031.00,683.00,18.00,11.00,9838.00,6012.11111,0.00,0.00,0.00,0.00,0.00,0.00,0.00,0.00,0.00,0.00,0.00,0.00,0.00,0.00,0.00,0.00,0.00,0.00,0.00,0.00,17020.00,0.00,1064778.00,0.00,1064050.00,1.00,39590.00,24908.00,0.00,732.00,24908.00,0.00,317574.00,2784.00,314790.00,314790.00,150647.00,0.00,0.00,0.00,0.00,0.00,1091.00,0.00,0.00,122176.00,122176.00,709344.00,709344.00,0.00,2.00,0.00,0.00,24960.00,0.00,447.00,390.00,17020.00,0.00,0.00
52,4.96,87.84,1.06512E+10,1.06511E+10,9301.00,0.00,0.00,0.00,0.00,0.00,0.00,0.00,0.00,0.00,0.00,0.00,0.00,0.00,0.00,0.00,0.00,0.00,0.00,0.00,0.00,0.00,0.00,0.00,0.00,0.00,0.00,0.00,0.00,0.00,0.00,0.00,0.00,0.00,0.00,17.00,0.00,0.00,0.00,0.00,0.00,0.00,0.00,0.00,0.00,0.00,0.00,0.00,0.00,0.00,0.00,0.00,0.00,0.00,0.00,0.00,0.00,0.00,0.00,0.00,0.00,0.00,0.00,0.00,0.00,0.00,0.00,0.00,0.00,0.00,0.00,0.00,1024.00,0.00,150.00,0.00,17.00,300960.00,792.00,792.00,0.00,0.00,0.00,0.00,0.00,48.00,0.00,0.00,0.00,13440.00,68608.00,0.00,0.00,0.00,0.00,0.00,0.00,0.00,0.00,0.00,0.00,0.00,0.00,0.00,0.00,0.00
29,4.32,5.28,1.06512E+10,1.06511E+10,6797.00,0.00,0.00,0.00,0.00,0.00,0.00,0.00,0.00,0.00,0.00,0.00,0.00,0.00,0.00,0.00,0.00,0.00,0.00,0.00,0.00,0.00,0.00,0.00,0.00,0.00,0.00,0.00,0.00,0.00,0.00,0.00,0.00,0.00,0.00,28.00,0.00,0.00,0.00,0.00,0.00,0.00,0.00,0.00,0.00,0.00,0.00,0.00,0.00,0.00,0.00,0.00,0.00,0.00,0.00,0.00,0.00,0.00,0.00,0.00,0.00,0.00,0.00,0.00,0.00,0.00,70.00,0.00,0.00,0.00,0.00,0.00,0.00,0.00,0.00,0.00,0.00,0.00,0.00,0.00,0.00,0.00,0.00,0.00,0.00,0.00,0.00,0.00,0.00,0.00,0.00,0.00,0.00,0.00,0.00,0.00,0.00,0.00,0.00,0.00,0.00,0.00,0.00,70.00,3.00,0.00
51,4.32,84.16,1.06512E+10,1.06511E+10,9827.00,0.00,0.00,0.00,0.00,0.00,0.00,0.00,0.00,0.00,0.00,0.00,0.00,0.00,0.00,0.00,0.00,0.00,0.00,0.00,0.00,0.00,0.00,0.00,0.00,0.00,0.00,0.00,0.00,0.00,0.00,0.00,0.00,0.00,0.00,17.00,0.00,0.00,0.00,0.00,0.00,0.00,0.00,0.00,0.00,0.00,0.00,0.00,0.00,0.00,0.00,0.00,0.00,0.00,0.00,0.00,0.00,0.00,0.00,0.00,0.00,0.00,0.00,0.00,0.00,0.00,0.00,0.00,0.00,0.00,0.00,0.00,913.00,0.00,179.00,0.00,34.00,300960.00,792.00,792.00,0.00,0.00,0.00,0.00,0.00,48.00,0.00,0.00,0.00,13440.00,10496.00,0.00,0.00,0.00,0.00,0.00,0.00,0.00,0.00,0.00,0.00,0.00,0.00,0.00,0.00,0.00
340,2.08,71.68,1.06512E+10,1.06511E+10,10530.00,0.00,1616.00,0.31921,0.00,0.00,0.00,0.00,0.00,0.00,7190.00,1.45976,0.00,0.00,4.00,13.00,3.00,0.36111,0.08333,0.00,0.00,0.00,0.00,0.00,0.00,0.00,0.00,0.00,0.00,0.00,0.00,0.00,0.00,0.00,0.00,1746.00,2.00,0.00,0.00,0.00,16256.00,0.00,18.00,11.00,133.00,81.27778,0.00,0.00,0.00,0.00,0.00,0.00,0.00,0.00,0.00,0.00,0.00,0.00,0.00,0.00,0.00,0.00,0.00,0.00,0.00,0.00,6362.00,0.00,14285.00,0.00,14092.00,1.00,330.00,304.00,0.00,0.00,304.00,0.00,4224.00,1.00,4223.00,4223.00,3712.00,0.00,0.00,0.00,0.00,0.00,0.00,0.00,0.00,3392.00,3392.00,16000.00,16000.00,0.00,76.00,0.00,0.00,780544.00,0.00,2892.00,12196.00,6362.00,0.00,0.00
355,1.60,73.44,1.06512E+10,1.06511E+10,4079.00,0.00,1695.00,0.66487,0.00,0.00,0.00,0.00,0.00,0.00,763.00,0.30961,0.00,0.00,60.00,13.00,3.00,0.36111,0.08333,0.00,0.00,0.00,0.00,0.00,0.00,0.00,0.00,0.00,0.00,0.00,0.00,0.00,0.00,0.00,0.00,1620.00,30.00,0.00,0.00,0.00,469.00,0.00,18.00,11.00,7.50,4.58333,0.00,0.00,0.00,0.00,0.00,0.00,0.00,0.00,0.00,0.00,0.00,0.00,0.00,0.00,0.00,0.00,0.00,0.00,0.00,0.00,93.00,0.00,445.00,0.00,588.00,1.00,30.00,74.00,0.00,1.00,74.00,0.00,192.00,1.00,191.00,191.00,469.00,0.00,0.00,0.00,0.00,0.00,0.00,0.00,0.00,832.00,832.00,1120.00,1120.00,0.00,0.00,0.00,0.00,1536.00,0.00,124.00,24.00,93.00,0.00,0.00
379,1.60,111.52,1.06512E+10,1.06511E+10,6809.00,0.00,1605.00,0.37715,0.00,0.00,0.00,0.00,0.00,0.00,3246.00,0.76253,0.00,0.00,20.00,13.00,3.00,0.36111,0.08333,0.00,0.00,0.00,0.00,0.00,0.00,0.00,0.00,0.00,0.00,0.00,0.00,0.00,0.00,0.00,0.00,2029.00,12.00,0.00,0.00,0.00,79175.00,71.00,18.00,11.00,695.00,424.72222,0.00,0.00,0.00,0.00,0.00,0.00,0.00,0.00,0.00,0.00,0.00,0.00,0.00,0.00,0.00,0.00,0.00,0.00,0.00,0.00,1276.00,0.00,69027.00,0.00,69378.00,1.00,2748.00,2259.00,0.00,16.00,2259.00,0.00,22267.00,66.00,22201.00,22201.00,40903.00,0.00,0.00,0.00,0.00,0.00,29.00,0.00,0.00,29056.00,29056.00,73504.00,73504.00,0.00,0.00,0.00,0.00,768.00,0.00,132.00,12.00,1276.00,0.00,0.00
346,0.80,72.32,1.06512E+10,1.06511E+10,5665.00,0.00,1547.00,0.21846,0.00,0.00,0.00,0.00,0.00,0.00,2577.00,0.35478,0.00,0.00,4.00,13.00,3.00,0.36111,0.08333,0.00,0.00,0.00,0.00,0.00,0.00,0.00,0.00,0.00,0.00,0.00,0.00,0.00,0.00,0.00,0.00,1517.00,2.00,0.00,0.00,0.00,16256.00,0.00,18.00,11.00,133.00,81.27778,0.00,0.00,0.00,0.00,0.00,0.00,0.00,0.00,0.00,0.00,0.00,0.00,0.00,0.00,0.00,0.00,0.00,0.00,0.00,0.00,1744.00,0.00,14200.00,0.00,14194.00,1.00,306.00,304.00,0.00,1.00,304.00,0.00,4224.00,1.00,4223.00,4223.00,3712.00,0.00,0.00,0.00,0.00,0.00,0.00,0.00,0.00,3744.00,3744.00,10496.00,10496.00,0.00,70.00,0.00,0.00,2816.00,0.00,14921.00,44.00,1744.00,0.00,0.00
361,0.64,74.56,1.06512E+10,1.06511E+10,3935.00,0.00,1704.00,0.27714,0.00,0.00,0.00,0.00,0.00,0.00,582.00,0.10199,0.00,0.00,64.00,13.00,3.00,0.36111,0.08333,0.00,0.00,0.00,0.00,0.00,0.00,0.00,0.00,0.00,0.00,0.00,0.00,0.00,0.00,0.00,0.00,1819.00,32.00,0.00,0.00,0.00,499.00,0.00,18.00,11.00,7.50,4.58333,0.00,0.00,0.00,0.00,0.00,0.00,0.00,0.00,0.00,0.00,0.00,0.00,0.00,0.00,0.00,0.00,0.00,0.00,0.00,0.00,109.00,0.00,627.00,0.00,583.00,1.00,41.00,82.00,0.00,0.00,82.00,0.00,205.00,4.00,201.00,201.00,499.00,0.00,0.00,0.00,0.00,0.00,0.00,0.00,0.00,928.00,928.00,1344.00,1344.00,0.00,0.00,0.00,0.00,1344.00,0.00,134.00,21.00,109.00,0.00,0.00
349,0.48,72.16,1.06512E+10,1.06511E+10,3791.00,0.00,1524.00,0.19296,0.00,0.00,0.00,0.00,0.00,0.00,712.00,0.08996,0.00,0.00,36.00,13.00,3.00,0.36111,0.08333,0.00,0.00,0.00,0.00,0.00,0.00,0.00,0.00,0.00,0.00,0.00,0.00,0.00,0.00,0.00,0.00,1533.00,18.00,0.00,0.00,0.00,270.00,0.00,18.00,11.00,4.50,2.75,0.00,0.00,0.00,0.00,0.00,0.00,0.00,0.00,0.00,0.00,0.00,0.00,0.00,0.00,0.00,0.00,0.00,0.00,0.00,0.00,77.00,0.00,270.00,0.00,270.00,1.00,22.00,43.00,0.00,0.00,43.00,0.00,110.00,1.00,109.00,109.00,270.00,0.00,0.00,0.00,0.00,0.00,0.00,0.00,0.00,576.00,576.00,928.00,928.00,0.00,0.00,0.00,0.00,1024.00,0.00,64.00,16.00,77.00,0.00,0.00
382,0.48,109.76,1.06512E+10,1.06511E+10,3931.00,0.00,1625.00,0.19842,0.00,0.00,0.00,0.00,0.00,0.00,777.00,0.09507,0.00,0.00,16.00,13.00,3.00,0.36111,0.08333,0.00,0.00,0.00,0.00,0.00,0.00,0.00,0.00,0.00,0.00,0.00,0.00,0.00,0.00,0.00,0.00,1647.00,8.00,0.00,0.00,0.00,2962.00,0.00,18.00,11.00,47.00,28.72222,0.00,0.00,0.00,0.00,0.00,0.00,0.00,0.00,0.00,0.00,0.00,0.00,0.00,0.00,0.00,0.00,0.00,0.00,0.00,0.00,129.00,0.00,2618.00,0.00,2618.00,1.00,108.00,641.00,0.00,330.00,641.00,0.00,2803.00,1322.00,1481.00,1481.00,2962.00,0.00,0.00,0.00,0.00,0.00,0.00,0.00,0.00,64.00,64.00,9696.00,9696.00,0.00,0.00,0.00,0.00,192.00,0.00,15.00,3.00,129.00,0.00,0.00
343,0.32,71.68,1.06512E+10,1.06511E+10,4221.00,0.00,1924.00,0.14586,0.00,0.00,0.00,0.00,0.00,0.00,871.00,0.06835,0.00,0.00,140.00,13.00,3.00,1.08333,0.25,0.00,0.00,0.00,0.00,0.00,0.00,0.00,0.00,0.00,0.00,0.00,0.00,0.00,0.00,0.00,0.00,1829.00,70.00,0.00,0.00,0.00,1100.00,0.00,18.00,11.00,15.50,9.47222,0.00,0.00,0.00,0.00,0.00,0.00,0.00,0.00,0.00,0.00,0.00,0.00,0.00,0.00,0.00,0.00,0.00,0.00,0.00,0.00,198.00,0.00,1220.00,0.00,1311.00,1.00,97.00,155.00,0.00,2.00,155.00,0.00,486.00,21.00,465.00,465.00,1100.00,0.00,0.00,0.00,0.00,0.00,0.00,0.00,0.00,1568.00,1568.00,2496.00,2496.00,0.00,0.00,0.00,0.00,5056.00,0.00,210.00,79.00,198.00,0.00,0.00
352,0.32,73.12,1.06512E+10,1.06511E+10,6097.00,0.00,1737.00,0.09117,0.00,0.00,0.00,0.00,0.00,0.00,2504.00,0.14139,0.00,0.00,4.00,13.00,3.00,0.36111,0.08333,0.00,0.00,0.00,0.00,0.00,0.00,0.00,0.00,0.00,0.00,0.00,0.00,0.00,0.00,0.00,0.00,1652.00,2.00,0.00,0.00,0.00,16256.00,0.00,18.00,11.00,133.00,81.27778,0.00,0.00,0.00,0.00,0.00,0.00,0.00,0.00,0.00,0.00,0.00,0.00,0.00,0.00,0.00,0.00,0.00,0.00,0.00,0.00,1748.00,0.00,14337.00,0.00,14187.00,1.00,272.00,304.00,0.00,0.00,304.00,0.00,4224.00,1.00,4223.00,4223.00,3712.00,0.00,0.00,0.00,0.00,0.00,0.00,0.00,0.00,3936.00,3936.00,10528.00,10528.00,0.00,74.00,0.00,0.00,1408.00,0.00,15053.00,26.00,1748.00,0.00,0.00
358,0.32,73.76,1.06512E+10,1.06511E+10,5806.00,0.00,1533.00,0.08449,0.00,0.00,0.00,0.00,0.00,0.00,2677.00,0.15108,0.00,0.00,4.00,13.00,3.00,0.36111,0.08333,0.00,0.00,0.00,0.00,0.00,0.00,0.00,0.00,0.00,0.00,0.00,0.00,0.00,0.00,0.00,0.00,1418.00,2.00,0.00,0.00,0.00,16256.00,0.00,18.00,11.00,133.00,81.27778,0.00,0.00,0.00,0.00,0.00,0.00,0.00,0.00,0.00,0.00,0.00,0.00,0.00,0.00,0.00,0.00,0.00,0.00,0.00,0.00,1460.00,0.00,14116.00,0.00,14209.00,1.00,355.00,304.00,0.00,1.00,304.00,0.00,4224.00,1.00,4223.00,4223.00,3712.00,0.00,0.00,0.00,0.00,0.00,0.00,0.00,0.00,3936.00,3936.00,10336.00,10336.00,0.00,75.00,0.00,0.00,2432.00,0.00,15149.00,33.00,1460.00,0.00,0.00
370,0.32,146.88,1.06512E+10,1.06511E+10,7526.00,0.00,4118.00,0.17509,0.00,0.00,0.00,0.00,0.00,0.00,3220.00,0.13446,0.00,0.00,660.00,13.00,3.00,4.33333,1.00,0.00,0.00,0.00,0.00,0.00,0.00,0.00,0.00,0.00,0.00,0.00,0.00,0.00,0.00,0.00,0.00,4877.00,331.00,0.00,0.00,0.00,26949.00,0.00,18.00,11.00,261.50,159.80556,0.00,0.00,0.00,0.00,0.00,0.00,0.00,0.00,0.00,0.00,0.00,0.00,0.00,0.00,0.00,0.00,0.00,0.00,0.00,0.00,651.00,0.00,24667.00,0.00,24850.00,1.00,1023.00,1379.00,0.00,40.00,1379.00,0.00,8501.00,188.00,8313.00,8313.00,20805.00,0.00,0.00,0.00,0.00,0.00,0.00,0.00,0.00,21056.00,21056.00,53248.00,53248.00,0.00,0.00,0.00,0.00,24576.00,0.00,748.00,384.00,651.00,0.00,0.00
367,0.16,177.92,1.06512E+10,1.06511E+10,3951.00,0.00,1605.00,0.065,0.00,0.00,0.00,0.00,0.00,0.00,768.00,0.03001,0.00,0.00,26.00,13.00,3.00,0.36111,0.08333,0.00,0.00,0.00,0.00,0.00,0.00,0.00,0.00,0.00,0.00,0.00,0.00,0.00,0.00,0.00,0.00,1776.00,17.00,0.00,0.00,0.00,197.00,0.00,18.00,11.00,4.00,2.44444,0.00,0.00,0.00,0.00,0.00,0.00,0.00,0.00,0.00,0.00,0.00,0.00,0.00,0.00,0.00,0.00,0.00,0.00,0.00,0.00,77.00,0.00,249.00,0.00,197.00,1.00,7.00,37.00,0.00,7.00,37.00,0.00,103.00,12.00,91.00,91.00,197.00,0.00,0.00,0.00,0.00,0.00,0.00,0.00,0.00,384.00,384.00,1248.00,1248.00,0.00,0.00,0.00,0.00,2240.00,0.00,5.00,35.00,77.00,0.00,0.00
373,0.16,112.96,1.06512E+10,1.06511E+10,4085.00,0.00,1760.00,0.06894,0.00,0.00,0.00,0.00,0.00,0.00,939.00,0.03673,0.00,0.00,88.00,13.00,3.00,0.72222,0.16667,0.00,0.00,0.00,0.00,0.00,0.00,0.00,0.00,0.00,0.00,0.00,0.00,0.00,0.00,0.00,0.00,2296.00,44.00,0.00,0.00,0.00,3589.00,0.00,18.00,11.00,35.50,21.69444,0.00,0.00,0.00,0.00,0.00,0.00,0.00,0.00,0.00,0.00,0.00,0.00,0.00,0.00,0.00,0.00,0.00,0.00,0.00,0.00,186.00,0.00,3308.00,0.00,2968.00,1.00,98.00,176.00,0.00,7.00,176.00,0.00,1132.00,21.00,1111.00,1111.00,2885.00,0.00,0.00,0.00,0.00,0.00,0.00,0.00,0.00,2016.00,2016.00,4512.00,4512.00,0.00,0.00,0.00,0.00,2688.00,0.00,109.00,42.00,186.00,0.00,0.00
376,0.16,111.04,1.06512E+10,1.06511E+10,4373.00,0.00,1780.00,0.06513,0.00,0.00,0.00,0.00,0.00,0.00,952.00,0.03595,0.00,0.00,116.00,13.00,3.00,0.72222,0.16667,0.00,0.00,0.00,0.00,0.00,0.00,0.00,0.00,0.00,0.00,0.00,0.00,0.00,0.00,0.00,0.00,2166.00,58.00,0.00,0.00,0.00,5827.00,0.00,18.00,11.00,55.50,33.91667,0.00,0.00,0.00,0.00,0.00,0.00,0.00,0.00,0.00,0.00,0.00,0.00,0.00,0.00,0.00,0.00,0.00,0.00,0.00,0.00,186.00,0.00,5066.00,0.00,5595.00,1.00,137.00,239.00,0.00,6.00,239.00,0.00,1777.00,17.00,1760.00,1760.00,4675.00,0.00,0.00,0.00,0.00,0.00,0.00,0.00,0.00,4032.00,4032.00,8832.00,8832.00,0.00,0.00,0.00,0.00,2560.00,0.00,102.00,40.00,186.00,0.00,0.00
