EID,GPU Duration (レs),Input Vertices Read,Input Primitives,GS Primitives,Rasterizer Invocations,Rasterized Primitives,Samples Passed,VS Invocations,HS Invocations,DS Invocations,GS Invocations,PS Invocations,CS Invocations,GPUTime (レs),ExecutionDuration (レs),ExecutionStart (レs),ExecutionEnd (レs),GPUBusyCycles (cycles),TessellatorBusyCycles (cycles),VSBusyCycles (cycles),VSTime (レs),HSBusyCycles (cycles),HSTime (レs),DSBusyCycles (cycles),DSTime (レs),GSBusyCycles (cycles),GSTime (レs),PSBusyCycles (cycles),PSTime (レs),CSBusyCycles (cycles),CSTime (レs),VSVerticesIn,VSVALUInstCount,VSSALUInstCount,VSVALUBusyCycles (cycles),VSSALUBusyCycles (cycles),HSPatches,HSVALUInstCount,HSSALUInstCount,HSVALUBusyCycles (cycles),HSSALUBusyCycles (cycles),DSVerticesIn,DSVALUInstCount,DSSALUInstCount,DSVALUBusyCycles (cycles),DSSALUBusyCycles (cycles),GSPrimsIn,GSVerticesOut,GSVALUInstCount,GSSALUInstCount,GSVALUBusyCycles (cycles),GSSALUBusyCycles (cycles),PrimitiveAssemblyBusyCycles (cycles),PrimitivesIn,CulledPrims,ClippedPrims,PAStalledOnRasterizerCycles (cycles),PSPixelsOut,PSExportStallsCycles (cycles),PSVALUInstCount,PSSALUInstCount,PSVALUBusyCycles (cycles),PSSALUBusyCycles (cycles),CSThreadGroups,CSWavefronts,CSThreads,CSThreadGroupSize,CSVALUInsts,CSSALUInsts,CSVFetchInsts,CSSFetchInsts,CSVWriteInsts,CSFlatVMemInsts,CSVALUBusyCycles (cycles),CSSALUBusyCycles (cycles),CSMemUnitBusyCycles (cycles),CSMemUnitStalledCycles (cycles),CSWriteUnitStalledCycles (cycles),CSGDSInsts,CSLDSInsts,CSFlatLDSInsts,CSALUStalledByLDSCycles (cycles),CSLDSBankConflictCycles (cycles),TexUnitBusyCycles (cycles),TexTriFilteringCount,NoTexTriFilteringCount,TexVolFilteringCount,NoTexVolFilteringCount,TexAveAnisotropy,DepthStencilTestBusyCycles (cycles),HiZTilesAcceptedCount,HiZTilesRejectedCount,PreZTilesDetailCulledCount,PreZTilesDetailSurvivingCount,HiZQuadsCulledCount,HiZQuadsAcceptedCount,PreZQuadsCulledCount,PreZQuadsSurvivingCount,PostZQuadCount,PreZSamplesPassing,PreZSamplesFailingS,PreZSamplesFailingZ,PostZSamplesPassing,PostZSamplesFailingS,PostZSamplesFailingZ,ZUnitStalledCycles (cycles),DBMemRead (bytes),DBMemWritten (bytes),CBMemRead (bytes),CBColorAndMaskRead (bytes),CBMemWritten (bytes),CBColorAndMaskWritten (bytes),CBSlowPixelCount,L0TagConflictReadStalledCycles,L0TagConflictWriteStalledCycles,L0TagConflictAtomicStalledCycles,FetchSize (bytes),WriteSize (bytes),CacheHitCount,CacheMissCount,MemUnitBusyCycles (cycles),MemUnitStalledCycles (cycles),WriteUnitStalledCycles (cycles)
31,9.12,0,0,0,0,0,0,0,0,0,0,0,0,4.16,4.96,4.16820E+10,4.16816E+10,5873.00,0.00,0.00,0.00,0.00,0.00,0.00,0.00,0.00,0.00,0.00,0.00,0.00,0.00,0.00,0.00,0.00,0.00,0.00,0.00,0.00,0.00,0.00,0.00,0.00,0.00,0.00,0.00,0.00,0.00,0.00,0.00,0.00,0.00,0.00,28.00,0.00,0.00,0.00,0.00,0.00,0.00,0.00,0.00,0.00,0.00,0.00,0.00,0.00,0.00,0.00,0.00,0.00,0.00,0.00,0.00,0.00,0.00,0.00,0.00,0.00,0.00,0.00,0.00,0.00,0.00,70.00,0.00,0.00,0.00,0.00,0.00,0.00,0.00,0.00,0.00,0.00,0.00,0.00,0.00,0.00,0.00,0.00,0.00,0.00,0.00,0.00,0.00,0.00,0.00,0.00,0.00,0.00,0.00,0.00,0.00,0.00,0.00,0.00,0.00,0.00,0.00,0.00,70.00,3.00,0.00
32,162.72,0,0,0,0,0,0,0,0,0,0,0,0,82.56,82.08,4.16820E+10,4.16816E+10,105690.00,0.00,0.00,0.00,0.00,0.00,0.00,0.00,0.00,0.00,0.00,0.00,0.00,0.00,0.00,0.00,0.00,0.00,0.00,0.00,0.00,0.00,0.00,0.00,0.00,0.00,0.00,0.00,0.00,0.00,0.00,0.00,0.00,0.00,0.00,17.00,0.00,0.00,0.00,0.00,1205424.00,26647.00,0.00,0.00,0.00,0.00,0.00,0.00,0.00,0.00,0.00,0.00,0.00,0.00,0.00,0.00,0.00,0.00,0.00,0.00,0.00,0.00,0.00,0.00,0.00,0.00,0.00,0.00,0.00,0.00,0.00,0.00,6222.00,106.00,0.00,0.00,106.00,0.00,301752.00,0.00,301752.00,301752.00,560.00,0.00,0.00,0.00,0.00,0.00,0.00,0.00,0.00,0.00,79872.00,7221888.00,7278208.00,301752.00,0.00,0.00,0.00,0.00,0.00,0.00,0.00,0.00,0.00,0.00
33,159.20,0,0,0,0,0,0,0,0,0,0,0,0,78.56,160.32,4.16820E+10,4.16816E+10,104261.00,0.00,0.00,0.00,0.00,0.00,0.00,0.00,0.00,0.00,0.00,0.00,0.00,0.00,0.00,0.00,0.00,0.00,0.00,0.00,0.00,0.00,0.00,0.00,0.00,0.00,0.00,0.00,0.00,0.00,0.00,0.00,0.00,0.00,0.00,17.00,0.00,0.00,0.00,0.00,1205424.00,26063.00,0.00,0.00,0.00,0.00,0.00,0.00,0.00,0.00,0.00,0.00,0.00,0.00,0.00,0.00,0.00,0.00,0.00,0.00,0.00,0.00,0.00,0.00,0.00,0.00,0.00,0.00,0.00,0.00,0.00,0.00,6178.00,106.00,0.00,0.00,106.00,0.00,301752.00,0.00,301752.00,301752.00,560.00,0.00,0.00,0.00,0.00,0.00,4.00,0.00,0.00,0.00,79872.00,7248384.00,7328256.00,301752.00,0.00,0.00,0.00,0.00,0.00,0.00,0.00,0.00,0.00,0.00
34,160.00,0,0,0,0,0,0,0,0,0,0,0,0,79.20,238.40,4.16820E+10,4.16816E+10,103838.00,0.00,0.00,0.00,0.00,0.00,0.00,0.00,0.00,0.00,0.00,0.00,0.00,0.00,0.00,0.00,0.00,0.00,0.00,0.00,0.00,0.00,0.00,0.00,0.00,0.00,0.00,0.00,0.00,0.00,0.00,0.00,0.00,0.00,0.00,17.00,0.00,0.00,0.00,0.00,1205424.00,26386.00,0.00,0.00,0.00,0.00,0.00,0.00,0.00,0.00,0.00,0.00,0.00,0.00,0.00,0.00,0.00,0.00,0.00,0.00,0.00,0.00,0.00,0.00,0.00,0.00,0.00,0.00,0.00,0.00,0.00,0.00,6448.00,106.00,0.00,0.00,106.00,0.00,301752.00,0.00,301752.00,301752.00,560.00,0.00,0.00,0.00,0.00,0.00,44.00,0.00,0.00,0.00,79872.00,7248384.00,7328256.00,301752.00,0.00,0.00,0.00,0.00,0.00,0.00,0.00,0.00,0.00,0.00
35,159.20,0,0,0,0,0,0,0,0,0,0,0,0,78.88,316.00,4.16820E+10,4.16816E+10,104267.00,0.00,0.00,0.00,0.00,0.00,0.00,0.00,0.00,0.00,0.00,0.00,0.00,0.00,0.00,0.00,0.00,0.00,0.00,0.00,0.00,0.00,0.00,0.00,0.00,0.00,0.00,0.00,0.00,0.00,0.00,0.00,0.00,0.00,0.00,17.00,0.00,0.00,0.00,0.00,1205424.00,25874.00,0.00,0.00,0.00,0.00,0.00,0.00,0.00,0.00,0.00,0.00,0.00,0.00,0.00,0.00,0.00,0.00,0.00,0.00,0.00,0.00,0.00,0.00,0.00,0.00,0.00,0.00,0.00,0.00,0.00,0.00,6204.00,106.00,0.00,0.00,106.00,0.00,301752.00,0.00,301752.00,301752.00,560.00,0.00,0.00,0.00,0.00,0.00,10.00,0.00,0.00,0.00,79872.00,7248384.00,7328256.00,301752.00,0.00,0.00,0.00,0.00,0.00,0.00,0.00,0.00,0.00,0.00
36,160.32,0,0,0,0,0,0,0,0,0,0,0,0,79.04,393.44,4.16820E+10,4.16816E+10,103406.00,0.00,0.00,0.00,0.00,0.00,0.00,0.00,0.00,0.00,0.00,0.00,0.00,0.00,0.00,0.00,0.00,0.00,0.00,0.00,0.00,0.00,0.00,0.00,0.00,0.00,0.00,0.00,0.00,0.00,0.00,0.00,0.00,0.00,0.00,17.00,0.00,0.00,0.00,0.00,1205424.00,26526.00,0.00,0.00,0.00,0.00,0.00,0.00,0.00,0.00,0.00,0.00,0.00,0.00,0.00,0.00,0.00,0.00,0.00,0.00,0.00,0.00,0.00,0.00,0.00,0.00,0.00,0.00,0.00,0.00,0.00,0.00,6076.00,106.00,0.00,0.00,106.00,0.00,301752.00,0.00,301752.00,301752.00,560.00,0.00,0.00,0.00,0.00,0.00,78.00,0.00,0.00,0.00,79872.00,7248384.00,7328256.00,301752.00,0.00,0.00,0.00,0.00,0.00,0.00,0.00,0.00,0.00,0.00
38,160.16,0,0,0,0,0,0,0,0,0,0,0,0,79.36,82.08,4.16820E+10,4.16816E+10,104696.00,0.00,0.00,0.00,0.00,0.00,0.00,0.00,0.00,0.00,0.00,0.00,0.00,0.00,0.00,0.00,0.00,0.00,0.00,0.00,0.00,0.00,0.00,0.00,0.00,0.00,0.00,0.00,0.00,0.00,0.00,0.00,0.00,0.00,0.00,17.00,0.00,0.00,0.00,0.00,1205424.00,26483.00,0.00,0.00,0.00,0.00,0.00,0.00,0.00,0.00,0.00,0.00,0.00,0.00,0.00,0.00,0.00,0.00,0.00,0.00,0.00,0.00,0.00,0.00,0.00,0.00,0.00,0.00,0.00,0.00,0.00,0.00,6190.00,106.00,0.00,0.00,106.00,0.00,301752.00,0.00,301752.00,301752.00,560.00,0.00,0.00,0.00,0.00,0.00,52.00,0.00,0.00,0.00,79872.00,7248384.00,7328256.00,301752.00,0.00,0.00,0.00,0.00,0.00,0.00,0.00,0.00,0.00,0.00
40,159.52,0,0,0,0,0,0,0,0,0,0,0,0,78.88,80.96,4.16820E+10,4.16816E+10,104981.00,0.00,0.00,0.00,0.00,0.00,0.00,0.00,0.00,0.00,0.00,0.00,0.00,0.00,0.00,0.00,0.00,0.00,0.00,0.00,0.00,0.00,0.00,0.00,0.00,0.00,0.00,0.00,0.00,0.00,0.00,0.00,0.00,0.00,0.00,17.00,0.00,0.00,0.00,0.00,1205424.00,25473.00,0.00,0.00,0.00,0.00,0.00,0.00,0.00,0.00,0.00,0.00,0.00,0.00,0.00,0.00,0.00,0.00,0.00,0.00,0.00,0.00,0.00,0.00,0.00,0.00,0.00,0.00,0.00,0.00,0.00,0.00,6262.00,106.00,0.00,0.00,106.00,0.00,301752.00,0.00,301752.00,301752.00,560.00,0.00,0.00,0.00,0.00,0.00,86.00,0.00,0.00,0.00,79872.00,7248384.00,7328256.00,301752.00,0.00,0.00,0.00,0.00,0.00,0.00,0.00,0.00,0.00,0.00
42,159.36,0,0,0,0,0,0,0,0,0,0,0,0,79.20,81.76,4.16820E+10,4.16816E+10,104548.00,0.00,0.00,0.00,0.00,0.00,0.00,0.00,0.00,0.00,0.00,0.00,0.00,0.00,0.00,0.00,0.00,0.00,0.00,0.00,0.00,0.00,0.00,0.00,0.00,0.00,0.00,0.00,0.00,0.00,0.00,0.00,0.00,0.00,0.00,17.00,0.00,0.00,0.00,0.00,1205424.00,25435.00,0.00,0.00,0.00,0.00,0.00,0.00,0.00,0.00,0.00,0.00,0.00,0.00,0.00,0.00,0.00,0.00,0.00,0.00,0.00,0.00,0.00,0.00,0.00,0.00,0.00,0.00,0.00,0.00,0.00,0.00,6178.00,106.00,0.00,0.00,106.00,0.00,301752.00,0.00,301752.00,301752.00,560.00,0.00,0.00,0.00,0.00,0.00,40.00,0.00,0.00,0.00,79872.00,7248384.00,7328256.00,301752.00,0.00,0.00,0.00,0.00,0.00,0.00,0.00,0.00,0.00,0.00
44,159.04,0,0,0,0,0,0,0,0,0,0,0,0,78.56,81.12,4.16820E+10,4.16816E+10,103982.00,0.00,0.00,0.00,0.00,0.00,0.00,0.00,0.00,0.00,0.00,0.00,0.00,0.00,0.00,0.00,0.00,0.00,0.00,0.00,0.00,0.00,0.00,0.00,0.00,0.00,0.00,0.00,0.00,0.00,0.00,0.00,0.00,0.00,0.00,17.00,0.00,0.00,0.00,0.00,1205424.00,25495.00,0.00,0.00,0.00,0.00,0.00,0.00,0.00,0.00,0.00,0.00,0.00,0.00,0.00,0.00,0.00,0.00,0.00,0.00,0.00,0.00,0.00,0.00,0.00,0.00,0.00,0.00,0.00,0.00,0.00,0.00,6250.00,106.00,0.00,0.00,106.00,0.00,301752.00,0.00,301752.00,301752.00,560.00,0.00,0.00,0.00,0.00,0.00,108.00,0.00,0.00,0.00,79872.00,7248384.00,7328256.00,301752.00,0.00,0.00,0.00,0.00,0.00,0.00,0.00,0.00,0.00,0.00
46,158.72,0,0,0,0,0,0,0,0,0,0,0,0,78.72,81.60,4.16820E+10,4.16816E+10,103982.00,0.00,0.00,0.00,0.00,0.00,0.00,0.00,0.00,0.00,0.00,0.00,0.00,0.00,0.00,0.00,0.00,0.00,0.00,0.00,0.00,0.00,0.00,0.00,0.00,0.00,0.00,0.00,0.00,0.00,0.00,0.00,0.00,0.00,0.00,17.00,0.00,0.00,0.00,0.00,1205424.00,26035.00,0.00,0.00,0.00,0.00,0.00,0.00,0.00,0.00,0.00,0.00,0.00,0.00,0.00,0.00,0.00,0.00,0.00,0.00,0.00,0.00,0.00,0.00,0.00,0.00,0.00,0.00,0.00,0.00,0.00,0.00,6066.00,106.00,0.00,0.00,106.00,0.00,301752.00,0.00,301752.00,301752.00,560.00,0.00,0.00,0.00,0.00,0.00,0.00,0.00,0.00,0.00,79872.00,7248384.00,7328256.00,301752.00,0.00,0.00,0.00,0.00,0.00,0.00,0.00,0.00,0.00,0.00
48,159.68,0,0,0,0,0,0,0,0,0,0,0,0,79.68,81.44,4.16820E+10,4.16816E+10,104405.00,0.00,0.00,0.00,0.00,0.00,0.00,0.00,0.00,0.00,0.00,0.00,0.00,0.00,0.00,0.00,0.00,0.00,0.00,0.00,0.00,0.00,0.00,0.00,0.00,0.00,0.00,0.00,0.00,0.00,0.00,0.00,0.00,0.00,0.00,17.00,0.00,0.00,0.00,0.00,1205424.00,25012.00,0.00,0.00,0.00,0.00,0.00,0.00,0.00,0.00,0.00,0.00,0.00,0.00,0.00,0.00,0.00,0.00,0.00,0.00,0.00,0.00,0.00,0.00,0.00,0.00,0.00,0.00,0.00,0.00,0.00,0.00,6392.00,106.00,0.00,0.00,106.00,0.00,301752.00,0.00,301752.00,301752.00,560.00,0.00,0.00,0.00,0.00,0.00,332.00,0.00,0.00,0.00,79872.00,7248384.00,7328256.00,301752.00,0.00,0.00,0.00,0.00,0.00,0.00,0.00,0.00,0.00,0.00
50,159.20,0,0,0,0,0,0,0,0,0,0,0,0,79.20,81.12,4.16820E+10,4.16816E+10,103262.00,0.00,0.00,0.00,0.00,0.00,0.00,0.00,0.00,0.00,0.00,0.00,0.00,0.00,0.00,0.00,0.00,0.00,0.00,0.00,0.00,0.00,0.00,0.00,0.00,0.00,0.00,0.00,0.00,0.00,0.00,0.00,0.00,0.00,0.00,17.00,0.00,0.00,0.00,0.00,1205424.00,25382.00,0.00,0.00,0.00,0.00,0.00,0.00,0.00,0.00,0.00,0.00,0.00,0.00,0.00,0.00,0.00,0.00,0.00,0.00,0.00,0.00,0.00,0.00,0.00,0.00,0.00,0.00,0.00,0.00,0.00,0.00,6222.00,106.00,0.00,0.00,106.00,0.00,301752.00,0.00,301752.00,301752.00,560.00,0.00,0.00,0.00,0.00,0.00,30.00,0.00,0.00,0.00,79872.00,7248384.00,7328256.00,301752.00,0.00,0.00,0.00,0.00,0.00,0.00,0.00,0.00,0.00,0.00
52,158.24,0,0,0,0,0,0,0,0,0,0,0,0,79.20,81.60,4.16820E+10,4.16816E+10,103838.00,0.00,0.00,0.00,0.00,0.00,0.00,0.00,0.00,0.00,0.00,0.00,0.00,0.00,0.00,0.00,0.00,0.00,0.00,0.00,0.00,0.00,0.00,0.00,0.00,0.00,0.00,0.00,0.00,0.00,0.00,0.00,0.00,0.00,0.00,17.00,0.00,0.00,0.00,0.00,1205424.00,25514.00,0.00,0.00,0.00,0.00,0.00,0.00,0.00,0.00,0.00,0.00,0.00,0.00,0.00,0.00,0.00,0.00,0.00,0.00,0.00,0.00,0.00,0.00,0.00,0.00,0.00,0.00,0.00,0.00,0.00,0.00,5860.00,106.00,0.00,0.00,106.00,0.00,301752.00,0.00,301752.00,301752.00,560.00,0.00,0.00,0.00,0.00,0.00,96.00,0.00,0.00,0.00,79872.00,7248384.00,7328256.00,301752.00,0.00,0.00,0.00,0.00,0.00,0.00,0.00,0.00,0.00,0.00
53,17.92,0,0,0,0,0,0,0,0,0,0,0,0,3.84,84.96,4.16820E+10,4.16816E+10,10256.00,0.00,0.00,0.00,0.00,0.00,0.00,0.00,0.00,0.00,0.00,0.00,0.00,0.00,0.00,0.00,0.00,0.00,0.00,0.00,0.00,0.00,0.00,0.00,0.00,0.00,0.00,0.00,0.00,0.00,0.00,0.00,0.00,0.00,0.00,17.00,0.00,0.00,0.00,0.00,0.00,0.00,0.00,0.00,0.00,0.00,0.00,0.00,0.00,0.00,0.00,0.00,0.00,0.00,0.00,0.00,0.00,0.00,0.00,0.00,0.00,0.00,0.00,0.00,0.00,0.00,0.00,0.00,0.00,0.00,0.00,0.00,921.00,0.00,187.00,0.00,41.00,300960.00,792.00,792.00,0.00,0.00,0.00,0.00,0.00,48.00,0.00,0.00,0.00,13440.00,10816.00,0.00,0.00,0.00,0.00,0.00,0.00,0.00,0.00,0.00,0.00,0.00,0.00,0.00,0.00,0.00
54,16.16,0,0,0,0,0,0,0,0,0,0,0,0,5.12,88.64,4.16820E+10,4.16816E+10,9161.00,0.00,0.00,0.00,0.00,0.00,0.00,0.00,0.00,0.00,0.00,0.00,0.00,0.00,0.00,0.00,0.00,0.00,0.00,0.00,0.00,0.00,0.00,0.00,0.00,0.00,0.00,0.00,0.00,0.00,0.00,0.00,0.00,0.00,0.00,17.00,0.00,0.00,0.00,0.00,0.00,0.00,0.00,0.00,0.00,0.00,0.00,0.00,0.00,0.00,0.00,0.00,0.00,0.00,0.00,0.00,0.00,0.00,0.00,0.00,0.00,0.00,0.00,0.00,0.00,0.00,0.00,0.00,0.00,0.00,0.00,0.00,935.00,0.00,164.00,0.00,26.00,300960.00,792.00,792.00,0.00,0.00,0.00,0.00,0.00,48.00,0.00,0.00,0.00,13440.00,68704.00,0.00,0.00,0.00,0.00,0.00,0.00,0.00,0.00,0.00,0.00,0.00,0.00,0.00,0.00,0.00
95,1089.76,0,0,0,0,0,0,0,0,0,0,0,0,609.60,610.88,4.16820E+10,4.16816E+10,779081.00,0.00,0.00,0.00,0.00,0.00,0.00,0.00,0.00,0.00,0.00,0.00,0.00,0.00,0.00,0.00,0.00,0.00,0.00,0.00,0.00,0.00,0.00,0.00,0.00,0.00,0.00,0.00,0.00,0.00,0.00,0.00,0.00,0.00,0.00,17.00,0.00,0.00,0.00,0.00,6291456.00,369537.00,0.00,0.00,0.00,0.00,0.00,0.00,0.00,0.00,0.00,0.00,0.00,0.00,0.00,0.00,0.00,0.00,0.00,0.00,0.00,0.00,0.00,0.00,0.00,0.00,0.00,0.00,0.00,0.00,0.00,0.00,10609.00,106.00,0.00,0.00,106.00,0.00,1572864.00,0.00,1572864.00,1572864.00,0.00,0.00,0.00,0.00,0.00,0.00,14.00,0.00,0.00,0.00,393216.00,1.00618E+08,1.01011E+08,1572864.00,0.00,0.00,0.00,0.00,0.00,0.00,0.00,0.00,0.00,0.00
96,1087.84,0,0,0,0,0,0,0,0,0,0,0,0,607.84,1218.88,4.16820E+10,4.16816E+10,785334.00,0.00,0.00,0.00,0.00,0.00,0.00,0.00,0.00,0.00,0.00,0.00,0.00,0.00,0.00,0.00,0.00,0.00,0.00,0.00,0.00,0.00,0.00,0.00,0.00,0.00,0.00,0.00,0.00,0.00,0.00,0.00,0.00,0.00,0.00,17.00,0.00,0.00,0.00,0.00,6291456.00,377912.00,0.00,0.00,0.00,0.00,0.00,0.00,0.00,0.00,0.00,0.00,0.00,0.00,0.00,0.00,0.00,0.00,0.00,0.00,0.00,0.00,0.00,0.00,0.00,0.00,0.00,0.00,0.00,0.00,0.00,0.00,10705.00,106.00,0.00,0.00,106.00,0.00,1572864.00,0.00,1572864.00,1572864.00,0.00,0.00,0.00,0.00,0.00,0.00,13.00,0.00,0.00,0.00,393216.00,1.00663E+08,1.01057E+08,1572864.00,0.00,0.00,0.00,0.00,0.00,0.00,0.00,0.00,0.00,0.00
97,1090.40,0,0,0,0,0,0,0,0,0,0,0,0,607.20,1826.56,4.16820E+10,4.16816E+10,784436.00,0.00,0.00,0.00,0.00,0.00,0.00,0.00,0.00,0.00,0.00,0.00,0.00,0.00,0.00,0.00,0.00,0.00,0.00,0.00,0.00,0.00,0.00,0.00,0.00,0.00,0.00,0.00,0.00,0.00,0.00,0.00,0.00,0.00,0.00,17.00,0.00,0.00,0.00,0.00,6291456.00,377590.00,0.00,0.00,0.00,0.00,0.00,0.00,0.00,0.00,0.00,0.00,0.00,0.00,0.00,0.00,0.00,0.00,0.00,0.00,0.00,0.00,0.00,0.00,0.00,0.00,0.00,0.00,0.00,0.00,0.00,0.00,10933.00,106.00,0.00,0.00,106.00,0.00,1572864.00,0.00,1572864.00,1572864.00,0.00,0.00,0.00,0.00,0.00,0.00,14.00,0.00,0.00,0.00,393216.00,1.00663E+08,1.01057E+08,1572864.00,0.00,0.00,0.00,0.00,0.00,0.00,0.00,0.00,0.00,0.00
98,1091.68,0,0,0,0,0,0,0,0,0,0,0,0,608.00,2434.56,4.16820E+10,4.16816E+10,784703.00,0.00,0.00,0.00,0.00,0.00,0.00,0.00,0.00,0.00,0.00,0.00,0.00,0.00,0.00,0.00,0.00,0.00,0.00,0.00,0.00,0.00,0.00,0.00,0.00,0.00,0.00,0.00,0.00,0.00,0.00,0.00,0.00,0.00,0.00,17.00,0.00,0.00,0.00,0.00,6291456.00,377942.00,0.00,0.00,0.00,0.00,0.00,0.00,0.00,0.00,0.00,0.00,0.00,0.00,0.00,0.00,0.00,0.00,0.00,0.00,0.00,0.00,0.00,0.00,0.00,0.00,0.00,0.00,0.00,0.00,0.00,0.00,10795.00,106.00,0.00,0.00,106.00,0.00,1572864.00,0.00,1572864.00,1572864.00,0.00,0.00,0.00,0.00,0.00,0.00,76.00,0.00,0.00,0.00,393216.00,1.00663E+08,1.01057E+08,1572864.00,0.00,0.00,0.00,0.00,0.00,0.00,0.00,0.00,0.00,0.00
99,1090.24,0,0,0,0,0,0,0,0,0,0,0,0,608.96,3041.92,4.16820E+10,4.16816E+10,786326.00,0.00,0.00,0.00,0.00,0.00,0.00,0.00,0.00,0.00,0.00,0.00,0.00,0.00,0.00,0.00,0.00,0.00,0.00,0.00,0.00,0.00,0.00,0.00,0.00,0.00,0.00,0.00,0.00,0.00,0.00,0.00,0.00,0.00,0.00,17.00,0.00,0.00,0.00,0.00,6291456.00,377196.00,0.00,0.00,0.00,0.00,0.00,0.00,0.00,0.00,0.00,0.00,0.00,0.00,0.00,0.00,0.00,0.00,0.00,0.00,0.00,0.00,0.00,0.00,0.00,0.00,0.00,0.00,0.00,0.00,0.00,0.00,10457.00,106.00,0.00,0.00,106.00,0.00,1572864.00,0.00,1572864.00,1572864.00,0.00,0.00,0.00,0.00,0.00,0.00,14.00,0.00,0.00,0.00,393216.00,1.00663E+08,1.01057E+08,1572864.00,0.00,0.00,0.00,0.00,0.00,0.00,0.00,0.00,0.00,0.00
100,1087.84,0,0,0,0,0,0,0,0,0,0,0,0,608.80,3648.48,4.16820E+10,4.16816E+10,786727.00,0.00,0.00,0.00,0.00,0.00,0.00,0.00,0.00,0.00,0.00,0.00,0.00,0.00,0.00,0.00,0.00,0.00,0.00,0.00,0.00,0.00,0.00,0.00,0.00,0.00,0.00,0.00,0.00,0.00,0.00,0.00,0.00,0.00,0.00,17.00,0.00,0.00,0.00,0.00,6291456.00,376948.00,0.00,0.00,0.00,0.00,0.00,0.00,0.00,0.00,0.00,0.00,0.00,0.00,0.00,0.00,0.00,0.00,0.00,0.00,0.00,0.00,0.00,0.00,0.00,0.00,0.00,0.00,0.00,0.00,0.00,0.00,10299.00,106.00,0.00,0.00,106.00,0.00,1572864.00,0.00,1572864.00,1572864.00,0.00,0.00,0.00,0.00,0.00,0.00,22.00,0.00,0.00,0.00,393216.00,1.00663E+08,1.01057E+08,1572864.00,0.00,0.00,0.00,0.00,0.00,0.00,0.00,0.00,0.00,0.00
101,1082.24,0,0,0,0,0,0,0,0,0,0,0,0,608.80,4253.92,4.16820E+10,4.16816E+10,783764.00,0.00,0.00,0.00,0.00,0.00,0.00,0.00,0.00,0.00,0.00,0.00,0.00,0.00,0.00,0.00,0.00,0.00,0.00,0.00,0.00,0.00,0.00,0.00,0.00,0.00,0.00,0.00,0.00,0.00,0.00,0.00,0.00,0.00,0.00,17.00,0.00,0.00,0.00,0.00,6291456.00,374510.00,0.00,0.00,0.00,0.00,0.00,0.00,0.00,0.00,0.00,0.00,0.00,0.00,0.00,0.00,0.00,0.00,0.00,0.00,0.00,0.00,0.00,0.00,0.00,0.00,0.00,0.00,0.00,0.00,0.00,0.00,10815.00,106.00,0.00,0.00,106.00,0.00,1572864.00,0.00,1572864.00,1572864.00,0.00,0.00,0.00,0.00,0.00,0.00,12.00,0.00,0.00,0.00,393216.00,1.00663E+08,1.01057E+08,1572864.00,0.00,0.00,0.00,0.00,0.00,0.00,0.00,0.00,0.00,0.00
102,1088.48,0,0,0,0,0,0,0,0,0,0,0,0,604.64,4260.96,4.16820E+10,4.16816E+10,785247.00,0.00,0.00,0.00,0.00,0.00,0.00,0.00,0.00,0.00,0.00,0.00,0.00,0.00,0.00,0.00,0.00,0.00,0.00,0.00,0.00,0.00,0.00,0.00,0.00,0.00,0.00,0.00,0.00,0.00,0.00,0.00,0.00,0.00,0.00,17.00,0.00,0.00,0.00,0.00,6291456.00,375004.00,0.00,0.00,0.00,0.00,0.00,0.00,0.00,0.00,0.00,0.00,0.00,0.00,0.00,0.00,0.00,0.00,0.00,0.00,0.00,0.00,0.00,0.00,0.00,0.00,0.00,0.00,0.00,0.00,0.00,0.00,10823.00,106.00,0.00,0.00,106.00,0.00,1572864.00,0.00,1572864.00,1572864.00,0.00,0.00,0.00,0.00,0.00,0.00,14.00,0.00,0.00,0.00,393216.00,1.00663E+08,1.01057E+08,1572864.00,0.00,0.00,0.00,0.00,0.00,0.00,0.00,0.00,0.00,0.00
103,1089.76,0,0,0,0,0,0,0,0,0,0,0,0,605.12,4261.28,4.16820E+10,4.16816E+10,785916.00,0.00,0.00,0.00,0.00,0.00,0.00,0.00,0.00,0.00,0.00,0.00,0.00,0.00,0.00,0.00,0.00,0.00,0.00,0.00,0.00,0.00,0.00,0.00,0.00,0.00,0.00,0.00,0.00,0.00,0.00,0.00,0.00,0.00,0.00,17.00,0.00,0.00,0.00,0.00,6291456.00,378283.00,0.00,0.00,0.00,0.00,0.00,0.00,0.00,0.00,0.00,0.00,0.00,0.00,0.00,0.00,0.00,0.00,0.00,0.00,0.00,0.00,0.00,0.00,0.00,0.00,0.00,0.00,0.00,0.00,0.00,0.00,10439.00,106.00,0.00,0.00,106.00,0.00,1572864.00,0.00,1572864.00,1572864.00,0.00,0.00,0.00,0.00,0.00,0.00,14.00,0.00,0.00,0.00,393216.00,1.00663E+08,1.01057E+08,1572864.00,0.00,0.00,0.00,0.00,0.00,0.00,0.00,0.00,0.00,0.00
104,1086.88,0,0,0,0,0,0,0,0,0,0,0,0,606.72,4260.80,4.16820E+10,4.16816E+10,783493.00,0.00,0.00,0.00,0.00,0.00,0.00,0.00,0.00,0.00,0.00,0.00,0.00,0.00,0.00,0.00,0.00,0.00,0.00,0.00,0.00,0.00,0.00,0.00,0.00,0.00,0.00,0.00,0.00,0.00,0.00,0.00,0.00,0.00,0.00,17.00,0.00,0.00,0.00,0.00,6291456.00,375826.00,0.00,0.00,0.00,0.00,0.00,0.00,0.00,0.00,0.00,0.00,0.00,0.00,0.00,0.00,0.00,0.00,0.00,0.00,0.00,0.00,0.00,0.00,0.00,0.00,0.00,0.00,0.00,0.00,0.00,0.00,10513.00,106.00,0.00,0.00,106.00,0.00,1572864.00,0.00,1572864.00,1572864.00,0.00,0.00,0.00,0.00,0.00,0.00,14.00,0.00,0.00,0.00,393216.00,1.00663E+08,1.01057E+08,1572864.00,0.00,0.00,0.00,0.00,0.00,0.00,0.00,0.00,0.00,0.00
105,1091.20,0,0,0,0,0,0,0,0,0,0,0,0,607.36,4260.32,4.16820E+10,4.16816E+10,784972.00,0.00,0.00,0.00,0.00,0.00,0.00,0.00,0.00,0.00,0.00,0.00,0.00,0.00,0.00,0.00,0.00,0.00,0.00,0.00,0.00,0.00,0.00,0.00,0.00,0.00,0.00,0.00,0.00,0.00,0.00,0.00,0.00,0.00,0.00,17.00,0.00,0.00,0.00,0.00,6291456.00,375553.00,0.00,0.00,0.00,0.00,0.00,0.00,0.00,0.00,0.00,0.00,0.00,0.00,0.00,0.00,0.00,0.00,0.00,0.00,0.00,0.00,0.00,0.00,0.00,0.00,0.00,0.00,0.00,0.00,0.00,0.00,10917.00,106.00,0.00,0.00,106.00,0.00,1572864.00,0.00,1572864.00,1572864.00,0.00,0.00,0.00,0.00,0.00,0.00,14.00,0.00,0.00,0.00,393216.00,1.00663E+08,1.01057E+08,1572864.00,0.00,0.00,0.00,0.00,0.00,0.00,0.00,0.00,0.00,0.00
106,1087.68,0,0,0,0,0,0,0,0,0,0,0,0,608.48,4260.64,4.16820E+10,4.16816E+10,785788.00,0.00,0.00,0.00,0.00,0.00,0.00,0.00,0.00,0.00,0.00,0.00,0.00,0.00,0.00,0.00,0.00,0.00,0.00,0.00,0.00,0.00,0.00,0.00,0.00,0.00,0.00,0.00,0.00,0.00,0.00,0.00,0.00,0.00,0.00,17.00,0.00,0.00,0.00,0.00,6291456.00,377980.00,0.00,0.00,0.00,0.00,0.00,0.00,0.00,0.00,0.00,0.00,0.00,0.00,0.00,0.00,0.00,0.00,0.00,0.00,0.00,0.00,0.00,0.00,0.00,0.00,0.00,0.00,0.00,0.00,0.00,0.00,10599.00,106.00,0.00,0.00,106.00,0.00,1572864.00,0.00,1572864.00,1572864.00,0.00,0.00,0.00,0.00,0.00,0.00,14.00,0.00,0.00,0.00,393216.00,1.00663E+08,1.01057E+08,1572864.00,0.00,0.00,0.00,0.00,0.00,0.00,0.00,0.00,0.00,0.00
107,1094.24,0,0,0,0,0,0,0,0,0,0,0,0,608.80,4261.76,4.16820E+10,4.16816E+10,786462.00,0.00,0.00,0.00,0.00,0.00,0.00,0.00,0.00,0.00,0.00,0.00,0.00,0.00,0.00,0.00,0.00,0.00,0.00,0.00,0.00,0.00,0.00,0.00,0.00,0.00,0.00,0.00,0.00,0.00,0.00,0.00,0.00,0.00,0.00,17.00,0.00,0.00,0.00,0.00,6291456.00,376678.00,0.00,0.00,0.00,0.00,0.00,0.00,0.00,0.00,0.00,0.00,0.00,0.00,0.00,0.00,0.00,0.00,0.00,0.00,0.00,0.00,0.00,0.00,0.00,0.00,0.00,0.00,0.00,0.00,0.00,0.00,10907.00,106.00,0.00,0.00,106.00,0.00,1572864.00,0.00,1572864.00,1572864.00,0.00,0.00,0.00,0.00,0.00,0.00,14.00,0.00,0.00,0.00,393216.00,1.00663E+08,1.01057E+08,1572864.00,0.00,0.00,0.00,0.00,0.00,0.00,0.00,0.00,0.00,0.00
108,1092.32,0,0,0,0,0,0,0,0,0,0,0,0,610.24,4262.88,4.16820E+10,4.16816E+10,786861.00,0.00,0.00,0.00,0.00,0.00,0.00,0.00,0.00,0.00,0.00,0.00,0.00,0.00,0.00,0.00,0.00,0.00,0.00,0.00,0.00,0.00,0.00,0.00,0.00,0.00,0.00,0.00,0.00,0.00,0.00,0.00,0.00,0.00,0.00,17.00,0.00,0.00,0.00,0.00,6291456.00,376818.00,0.00,0.00,0.00,0.00,0.00,0.00,0.00,0.00,0.00,0.00,0.00,0.00,0.00,0.00,0.00,0.00,0.00,0.00,0.00,0.00,0.00,0.00,0.00,0.00,0.00,0.00,0.00,0.00,0.00,0.00,11269.00,106.00,0.00,0.00,106.00,0.00,1572864.00,0.00,1572864.00,1572864.00,0.00,0.00,0.00,0.00,0.00,0.00,14.00,0.00,0.00,0.00,393216.00,1.00663E+08,1.01057E+08,1572864.00,0.00,0.00,0.00,0.00,0.00,0.00,0.00,0.00,0.00,0.00
109,1090.56,0,0,0,0,0,0,0,0,0,0,0,0,608.80,4263.04,4.16820E+10,4.16816E+10,785652.00,0.00,0.00,0.00,0.00,0.00,0.00,0.00,0.00,0.00,0.00,0.00,0.00,0.00,0.00,0.00,0.00,0.00,0.00,0.00,0.00,0.00,0.00,0.00,0.00,0.00,0.00,0.00,0.00,0.00,0.00,0.00,0.00,0.00,0.00,17.00,0.00,0.00,0.00,0.00,6291456.00,377070.00,0.00,0.00,0.00,0.00,0.00,0.00,0.00,0.00,0.00,0.00,0.00,0.00,0.00,0.00,0.00,0.00,0.00,0.00,0.00,0.00,0.00,0.00,0.00,0.00,0.00,0.00,0.00,0.00,0.00,0.00,10833.00,106.00,0.00,0.00,106.00,0.00,1572864.00,0.00,1572864.00,1572864.00,0.00,0.00,0.00,0.00,0.00,0.00,14.00,0.00,0.00,0.00,393216.00,1.00663E+08,1.01057E+08,1572864.00,0.00,0.00,0.00,0.00,0.00,0.00,0.00,0.00,0.00,0.00
110,1086.72,0,0,0,0,0,0,0,0,0,0,0,0,609.60,4261.92,4.16820E+10,4.16816E+10,785106.00,0.00,0.00,0.00,0.00,0.00,0.00,0.00,0.00,0.00,0.00,0.00,0.00,0.00,0.00,0.00,0.00,0.00,0.00,0.00,0.00,0.00,0.00,0.00,0.00,0.00,0.00,0.00,0.00,0.00,0.00,0.00,0.00,0.00,0.00,17.00,0.00,0.00,0.00,0.00,6291456.00,378463.00,0.00,0.00,0.00,0.00,0.00,0.00,0.00,0.00,0.00,0.00,0.00,0.00,0.00,0.00,0.00,0.00,0.00,0.00,0.00,0.00,0.00,0.00,0.00,0.00,0.00,0.00,0.00,0.00,0.00,0.00,11031.00,106.00,0.00,0.00,106.00,0.00,1572864.00,0.00,1572864.00,1572864.00,0.00,0.00,0.00,0.00,0.00,0.00,14.00,0.00,0.00,0.00,393216.00,1.00663E+08,1.01057E+08,1572864.00,0.00,0.00,0.00,0.00,0.00,0.00,0.00,0.00,0.00,0.00
111,1092.00,0,0,0,0,0,0,0,0,0,0,0,0,608.48,4262.08,4.16820E+10,4.16816E+10,784166.00,0.00,0.00,0.00,0.00,0.00,0.00,0.00,0.00,0.00,0.00,0.00,0.00,0.00,0.00,0.00,0.00,0.00,0.00,0.00,0.00,0.00,0.00,0.00,0.00,0.00,0.00,0.00,0.00,0.00,0.00,0.00,0.00,0.00,0.00,17.00,0.00,0.00,0.00,0.00,6291456.00,375521.00,0.00,0.00,0.00,0.00,0.00,0.00,0.00,0.00,0.00,0.00,0.00,0.00,0.00,0.00,0.00,0.00,0.00,0.00,0.00,0.00,0.00,0.00,0.00,0.00,0.00,0.00,0.00,0.00,0.00,0.00,11297.00,106.00,0.00,0.00,106.00,0.00,1572864.00,0.00,1572864.00,1572864.00,0.00,0.00,0.00,0.00,0.00,0.00,14.00,0.00,0.00,0.00,393216.00,1.00663E+08,1.01057E+08,1572864.00,0.00,0.00,0.00,0.00,0.00,0.00,0.00,0.00,0.00,0.00
112,1087.84,0,0,0,0,0,0,0,0,0,0,0,0,608.80,4261.28,4.16820E+10,4.16816E+10,775394.00,0.00,0.00,0.00,0.00,0.00,0.00,0.00,0.00,0.00,0.00,0.00,0.00,0.00,0.00,0.00,0.00,0.00,0.00,0.00,0.00,0.00,0.00,0.00,0.00,0.00,0.00,0.00,0.00,0.00,0.00,0.00,0.00,0.00,0.00,17.00,0.00,0.00,0.00,0.00,6291456.00,368953.00,0.00,0.00,0.00,0.00,0.00,0.00,0.00,0.00,0.00,0.00,0.00,0.00,0.00,0.00,0.00,0.00,0.00,0.00,0.00,0.00,0.00,0.00,0.00,0.00,0.00,0.00,0.00,0.00,0.00,0.00,11371.00,106.00,0.00,0.00,106.00,0.00,1572864.00,0.00,1572864.00,1572864.00,0.00,0.00,0.00,0.00,0.00,0.00,14.00,0.00,0.00,0.00,393216.00,1.00663E+08,1.01057E+08,1572864.00,0.00,0.00,0.00,0.00,0.00,0.00,0.00,0.00,0.00,0.00
113,1084.80,0,0,0,0,0,0,0,0,0,0,0,0,608.32,4255.36,4.16820E+10,4.16816E+10,785381.00,0.00,0.00,0.00,0.00,0.00,0.00,0.00,0.00,0.00,0.00,0.00,0.00,0.00,0.00,0.00,0.00,0.00,0.00,0.00,0.00,0.00,0.00,0.00,0.00,0.00,0.00,0.00,0.00,0.00,0.00,0.00,0.00,0.00,0.00,17.00,0.00,0.00,0.00,0.00,6291456.00,375709.00,0.00,0.00,0.00,0.00,0.00,0.00,0.00,0.00,0.00,0.00,0.00,0.00,0.00,0.00,0.00,0.00,0.00,0.00,0.00,0.00,0.00,0.00,0.00,0.00,0.00,0.00,0.00,0.00,0.00,0.00,11141.00,106.00,0.00,0.00,106.00,0.00,1572864.00,0.00,1572864.00,1572864.00,0.00,0.00,0.00,0.00,0.00,0.00,13.00,0.00,0.00,0.00,393216.00,1.00663E+08,1.01057E+08,1572864.00,0.00,0.00,0.00,0.00,0.00,0.00,0.00,0.00,0.00,0.00
114,1083.68,0,0,0,0,0,0,0,0,0,0,0,0,608.80,4251.20,4.16820E+10,4.16816E+10,786051.00,0.00,0.00,0.00,0.00,0.00,0.00,0.00,0.00,0.00,0.00,0.00,0.00,0.00,0.00,0.00,0.00,0.00,0.00,0.00,0.00,0.00,0.00,0.00,0.00,0.00,0.00,0.00,0.00,0.00,0.00,0.00,0.00,0.00,0.00,17.00,0.00,0.00,0.00,0.00,6291456.00,374533.00,0.00,0.00,0.00,0.00,0.00,0.00,0.00,0.00,0.00,0.00,0.00,0.00,0.00,0.00,0.00,0.00,0.00,0.00,0.00,0.00,0.00,0.00,0.00,0.00,0.00,0.00,0.00,0.00,0.00,0.00,10857.00,106.00,0.00,0.00,106.00,0.00,1572864.00,0.00,1572864.00,1572864.00,0.00,0.00,0.00,0.00,0.00,0.00,13.00,0.00,0.00,0.00,393216.00,1.00663E+08,1.01057E+08,1572864.00,0.00,0.00,0.00,0.00,0.00,0.00,0.00,0.00,0.00,0.00
115,1089.60,0,0,0,0,0,0,0,0,0,0,0,0,608.48,4252.00,4.16820E+10,4.16816E+10,786597.00,0.00,0.00,0.00,0.00,0.00,0.00,0.00,0.00,0.00,0.00,0.00,0.00,0.00,0.00,0.00,0.00,0.00,0.00,0.00,0.00,0.00,0.00,0.00,0.00,0.00,0.00,0.00,0.00,0.00,0.00,0.00,0.00,0.00,0.00,17.00,0.00,0.00,0.00,0.00,6291456.00,376871.00,0.00,0.00,0.00,0.00,0.00,0.00,0.00,0.00,0.00,0.00,0.00,0.00,0.00,0.00,0.00,0.00,0.00,0.00,0.00,0.00,0.00,0.00,0.00,0.00,0.00,0.00,0.00,0.00,0.00,0.00,10641.00,106.00,0.00,0.00,106.00,0.00,1572864.00,0.00,1572864.00,1572864.00,0.00,0.00,0.00,0.00,0.00,0.00,14.00,0.00,0.00,0.00,393216.00,1.00663E+08,1.01057E+08,1572864.00,0.00,0.00,0.00,0.00,0.00,0.00,0.00,0.00,0.00,0.00
116,1089.60,0,0,0,0,0,0,0,0,0,0,0,0,608.80,4252.64,4.16820E+10,4.16816E+10,783087.00,0.00,0.00,0.00,0.00,0.00,0.00,0.00,0.00,0.00,0.00,0.00,0.00,0.00,0.00,0.00,0.00,0.00,0.00,0.00,0.00,0.00,0.00,0.00,0.00,0.00,0.00,0.00,0.00,0.00,0.00,0.00,0.00,0.00,0.00,17.00,0.00,0.00,0.00,0.00,6291456.00,376484.00,0.00,0.00,0.00,0.00,0.00,0.00,0.00,0.00,0.00,0.00,0.00,0.00,0.00,0.00,0.00,0.00,0.00,0.00,0.00,0.00,0.00,0.00,0.00,0.00,0.00,0.00,0.00,0.00,0.00,0.00,10781.00,106.00,0.00,0.00,106.00,0.00,1572864.00,0.00,1572864.00,1572864.00,0.00,0.00,0.00,0.00,0.00,0.00,14.00,0.00,0.00,0.00,393216.00,1.00663E+08,1.01057E+08,1572864.00,0.00,0.00,0.00,0.00,0.00,0.00,0.00,0.00,0.00,0.00
117,1090.08,0,0,0,0,0,0,0,0,0,0,0,0,608.32,4251.20,4.16820E+10,4.16816E+10,784974.00,0.00,0.00,0.00,0.00,0.00,0.00,0.00,0.00,0.00,0.00,0.00,0.00,0.00,0.00,0.00,0.00,0.00,0.00,0.00,0.00,0.00,0.00,0.00,0.00,0.00,0.00,0.00,0.00,0.00,0.00,0.00,0.00,0.00,0.00,17.00,0.00,0.00,0.00,0.00,6291456.00,375735.00,0.00,0.00,0.00,0.00,0.00,0.00,0.00,0.00,0.00,0.00,0.00,0.00,0.00,0.00,0.00,0.00,0.00,0.00,0.00,0.00,0.00,0.00,0.00,0.00,0.00,0.00,0.00,0.00,0.00,0.00,10445.00,106.00,0.00,0.00,106.00,0.00,1572864.00,0.00,1572864.00,1572864.00,0.00,0.00,0.00,0.00,0.00,0.00,14.00,0.00,0.00,0.00,393216.00,1.00663E+08,1.01057E+08,1572864.00,0.00,0.00,0.00,0.00,0.00,0.00,0.00,0.00,0.00,0.00
118,1087.84,0,0,0,0,0,0,0,0,0,0,0,0,607.36,4252.96,4.16820E+10,4.16816E+10,786734.00,0.00,0.00,0.00,0.00,0.00,0.00,0.00,0.00,0.00,0.00,0.00,0.00,0.00,0.00,0.00,0.00,0.00,0.00,0.00,0.00,0.00,0.00,0.00,0.00,0.00,0.00,0.00,0.00,0.00,0.00,0.00,0.00,0.00,0.00,17.00,0.00,0.00,0.00,0.00,6291456.00,377217.00,0.00,0.00,0.00,0.00,0.00,0.00,0.00,0.00,0.00,0.00,0.00,0.00,0.00,0.00,0.00,0.00,0.00,0.00,0.00,0.00,0.00,0.00,0.00,0.00,0.00,0.00,0.00,0.00,0.00,0.00,10859.00,106.00,0.00,0.00,106.00,0.00,1572864.00,0.00,1572864.00,1572864.00,0.00,0.00,0.00,0.00,0.00,0.00,14.00,0.00,0.00,0.00,393216.00,1.00663E+08,1.01057E+08,1572864.00,0.00,0.00,0.00,0.00,0.00,0.00,0.00,0.00,0.00,0.00
119,1088.96,0,0,0,0,0,0,0,0,0,0,0,0,607.68,4252.80,4.16820E+10,4.16816E+10,786732.00,0.00,0.00,0.00,0.00,0.00,0.00,0.00,0.00,0.00,0.00,0.00,0.00,0.00,0.00,0.00,0.00,0.00,0.00,0.00,0.00,0.00,0.00,0.00,0.00,0.00,0.00,0.00,0.00,0.00,0.00,0.00,0.00,0.00,0.00,17.00,0.00,0.00,0.00,0.00,6291456.00,379230.00,0.00,0.00,0.00,0.00,0.00,0.00,0.00,0.00,0.00,0.00,0.00,0.00,0.00,0.00,0.00,0.00,0.00,0.00,0.00,0.00,0.00,0.00,0.00,0.00,0.00,0.00,0.00,0.00,0.00,0.00,10589.00,106.00,0.00,0.00,106.00,0.00,1572864.00,0.00,1572864.00,1572864.00,0.00,0.00,0.00,0.00,0.00,0.00,23.00,0.00,0.00,0.00,393216.00,1.00663E+08,1.01057E+08,1572864.00,0.00,0.00,0.00,0.00,0.00,0.00,0.00,0.00,0.00,0.00
120,1089.76,0,0,0,0,0,0,0,0,0,0,0,0,609.12,4259.84,4.16820E+10,4.16816E+10,783756.00,0.00,0.00,0.00,0.00,0.00,0.00,0.00,0.00,0.00,0.00,0.00,0.00,0.00,0.00,0.00,0.00,0.00,0.00,0.00,0.00,0.00,0.00,0.00,0.00,0.00,0.00,0.00,0.00,0.00,0.00,0.00,0.00,0.00,0.00,17.00,0.00,0.00,0.00,0.00,6291456.00,375221.00,0.00,0.00,0.00,0.00,0.00,0.00,0.00,0.00,0.00,0.00,0.00,0.00,0.00,0.00,0.00,0.00,0.00,0.00,0.00,0.00,0.00,0.00,0.00,0.00,0.00,0.00,0.00,0.00,0.00,0.00,10689.00,106.00,0.00,0.00,106.00,0.00,1572864.00,0.00,1572864.00,1572864.00,0.00,0.00,0.00,0.00,0.00,0.00,12.00,0.00,0.00,0.00,393216.00,1.00663E+08,1.01057E+08,1572864.00,0.00,0.00,0.00,0.00,0.00,0.00,0.00,0.00,0.00,0.00
121,1089.60,0,0,0,0,0,0,0,0,0,0,0,0,610.24,4264.16,4.16820E+10,4.16816E+10,785916.00,0.00,0.00,0.00,0.00,0.00,0.00,0.00,0.00,0.00,0.00,0.00,0.00,0.00,0.00,0.00,0.00,0.00,0.00,0.00,0.00,0.00,0.00,0.00,0.00,0.00,0.00,0.00,0.00,0.00,0.00,0.00,0.00,0.00,0.00,17.00,0.00,0.00,0.00,0.00,6291456.00,378787.00,0.00,0.00,0.00,0.00,0.00,0.00,0.00,0.00,0.00,0.00,0.00,0.00,0.00,0.00,0.00,0.00,0.00,0.00,0.00,0.00,0.00,0.00,0.00,0.00,0.00,0.00,0.00,0.00,0.00,0.00,10397.00,106.00,0.00,0.00,106.00,0.00,1572864.00,0.00,1572864.00,1572864.00,0.00,0.00,0.00,0.00,0.00,0.00,13.00,0.00,0.00,0.00,393216.00,1.00663E+08,1.01057E+08,1572864.00,0.00,0.00,0.00,0.00,0.00,0.00,0.00,0.00,0.00,0.00
122,1088.80,0,0,0,0,0,0,0,0,0,0,0,0,607.20,4264.48,4.16820E+10,4.16816E+10,785248.00,0.00,0.00,0.00,0.00,0.00,0.00,0.00,0.00,0.00,0.00,0.00,0.00,0.00,0.00,0.00,0.00,0.00,0.00,0.00,0.00,0.00,0.00,0.00,0.00,0.00,0.00,0.00,0.00,0.00,0.00,0.00,0.00,0.00,0.00,17.00,0.00,0.00,0.00,0.00,6291456.00,377588.00,0.00,0.00,0.00,0.00,0.00,0.00,0.00,0.00,0.00,0.00,0.00,0.00,0.00,0.00,0.00,0.00,0.00,0.00,0.00,0.00,0.00,0.00,0.00,0.00,0.00,0.00,0.00,0.00,0.00,0.00,10379.00,106.00,0.00,0.00,106.00,0.00,1572864.00,0.00,1572864.00,1572864.00,0.00,0.00,0.00,0.00,0.00,0.00,12.00,0.00,0.00,0.00,393216.00,1.00663E+08,1.01057E+08,1572864.00,0.00,0.00,0.00,0.00,0.00,0.00,0.00,0.00,0.00,0.00
123,1091.52,0,0,0,0,0,0,0,0,0,0,0,0,607.36,4423.36,4.16820E+10,4.16816E+10,784572.00,0.00,0.00,0.00,0.00,0.00,0.00,0.00,0.00,0.00,0.00,0.00,0.00,0.00,0.00,0.00,0.00,0.00,0.00,0.00,0.00,0.00,0.00,0.00,0.00,0.00,0.00,0.00,0.00,0.00,0.00,0.00,0.00,0.00,0.00,17.00,0.00,0.00,0.00,0.00,6291456.00,377737.00,0.00,0.00,0.00,0.00,0.00,0.00,0.00,0.00,0.00,0.00,0.00,0.00,0.00,0.00,0.00,0.00,0.00,0.00,0.00,0.00,0.00,0.00,0.00,0.00,0.00,0.00,0.00,0.00,0.00,0.00,11279.00,106.00,0.00,0.00,106.00,0.00,1572864.00,0.00,1572864.00,1572864.00,0.00,0.00,0.00,0.00,0.00,0.00,14.00,0.00,0.00,0.00,393216.00,1.00663E+08,1.01057E+08,1572864.00,0.00,0.00,0.00,0.00,0.00,0.00,0.00,0.00,0.00,0.00
124,184.48,0,0,0,0,0,0,0,0,0,0,0,0,101.28,714.40,4.16820E+10,4.16816E+10,131575.00,0.00,0.00,0.00,0.00,0.00,0.00,0.00,0.00,0.00,0.00,0.00,0.00,0.00,0.00,0.00,0.00,0.00,0.00,0.00,0.00,0.00,0.00,0.00,0.00,0.00,0.00,0.00,0.00,0.00,0.00,0.00,0.00,0.00,0.00,17.00,0.00,0.00,0.00,0.00,1048576.00,62486.00,0.00,0.00,0.00,0.00,0.00,0.00,0.00,0.00,0.00,0.00,0.00,0.00,0.00,0.00,0.00,0.00,0.00,0.00,0.00,0.00,0.00,0.00,0.00,0.00,0.00,0.00,0.00,0.00,0.00,0.00,10791.00,106.00,0.00,0.00,106.00,0.00,262144.00,0.00,262144.00,262144.00,0.00,0.00,0.00,0.00,0.00,0.00,12.00,0.00,0.00,0.00,65536.00,1.67772E+07,1.68428E+07,262144.00,0.00,0.00,0.00,0.00,0.00,0.00,0.00,0.00,0.00,0.00
125,184.16,0,0,0,0,0,0,0,0,0,0,0,0,100.64,814.24,4.16820E+10,4.16816E+10,131846.00,0.00,0.00,0.00,0.00,0.00,0.00,0.00,0.00,0.00,0.00,0.00,0.00,0.00,0.00,0.00,0.00,0.00,0.00,0.00,0.00,0.00,0.00,0.00,0.00,0.00,0.00,0.00,0.00,0.00,0.00,0.00,0.00,0.00,0.00,17.00,0.00,0.00,0.00,0.00,1048576.00,63021.00,0.00,0.00,0.00,0.00,0.00,0.00,0.00,0.00,0.00,0.00,0.00,0.00,0.00,0.00,0.00,0.00,0.00,0.00,0.00,0.00,0.00,0.00,0.00,0.00,0.00,0.00,0.00,0.00,0.00,0.00,10781.00,106.00,0.00,0.00,106.00,0.00,262144.00,0.00,262144.00,262144.00,0.00,0.00,0.00,0.00,0.00,0.00,14.00,0.00,0.00,0.00,65536.00,1.67772E+07,1.68428E+07,262144.00,0.00,0.00,0.00,0.00,0.00,0.00,0.00,0.00,0.00,0.00
126,184.64,0,0,0,0,0,0,0,0,0,0,0,0,101.12,914.88,4.16821E+10,4.16816E+10,131574.00,0.00,0.00,0.00,0.00,0.00,0.00,0.00,0.00,0.00,0.00,0.00,0.00,0.00,0.00,0.00,0.00,0.00,0.00,0.00,0.00,0.00,0.00,0.00,0.00,0.00,0.00,0.00,0.00,0.00,0.00,0.00,0.00,0.00,0.00,17.00,0.00,0.00,0.00,0.00,1048576.00,61466.00,0.00,0.00,0.00,0.00,0.00,0.00,0.00,0.00,0.00,0.00,0.00,0.00,0.00,0.00,0.00,0.00,0.00,0.00,0.00,0.00,0.00,0.00,0.00,0.00,0.00,0.00,0.00,0.00,0.00,0.00,10421.00,106.00,0.00,0.00,106.00,0.00,262144.00,0.00,262144.00,262144.00,0.00,0.00,0.00,0.00,0.00,0.00,13.00,0.00,0.00,0.00,65536.00,1.67772E+07,1.68428E+07,262144.00,0.00,0.00,0.00,0.00,0.00,0.00,0.00,0.00,0.00,0.00
127,183.20,0,0,0,0,0,0,0,0,0,0,0,0,99.36,1015.52,4.16821E+10,4.16816E+10,131711.00,0.00,0.00,0.00,0.00,0.00,0.00,0.00,0.00,0.00,0.00,0.00,0.00,0.00,0.00,0.00,0.00,0.00,0.00,0.00,0.00,0.00,0.00,0.00,0.00,0.00,0.00,0.00,0.00,0.00,0.00,0.00,0.00,0.00,0.00,17.00,0.00,0.00,0.00,0.00,1048576.00,62333.00,0.00,0.00,0.00,0.00,0.00,0.00,0.00,0.00,0.00,0.00,0.00,0.00,0.00,0.00,0.00,0.00,0.00,0.00,0.00,0.00,0.00,0.00,0.00,0.00,0.00,0.00,0.00,0.00,0.00,0.00,10227.00,106.00,0.00,0.00,106.00,0.00,262144.00,0.00,262144.00,262144.00,0.00,0.00,0.00,0.00,0.00,0.00,14.00,0.00,0.00,0.00,65536.00,1.67772E+07,1.68428E+07,262144.00,0.00,0.00,0.00,0.00,0.00,0.00,0.00,0.00,0.00,0.00
128,183.68,0,0,0,0,0,0,0,0,0,0,0,0,98.88,1114.56,4.16821E+10,4.16816E+10,131981.00,0.00,0.00,0.00,0.00,0.00,0.00,0.00,0.00,0.00,0.00,0.00,0.00,0.00,0.00,0.00,0.00,0.00,0.00,0.00,0.00,0.00,0.00,0.00,0.00,0.00,0.00,0.00,0.00,0.00,0.00,0.00,0.00,0.00,0.00,17.00,0.00,0.00,0.00,0.00,1048576.00,62588.00,0.00,0.00,0.00,0.00,0.00,0.00,0.00,0.00,0.00,0.00,0.00,0.00,0.00,0.00,0.00,0.00,0.00,0.00,0.00,0.00,0.00,0.00,0.00,0.00,0.00,0.00,0.00,0.00,0.00,0.00,11089.00,106.00,0.00,0.00,106.00,0.00,262144.00,0.00,262144.00,262144.00,0.00,0.00,0.00,0.00,0.00,0.00,12.00,0.00,0.00,0.00,65536.00,1.67772E+07,1.68428E+07,262144.00,0.00,0.00,0.00,0.00,0.00,0.00,0.00,0.00,0.00,0.00
129,184.00,0,0,0,0,0,0,0,0,0,0,0,0,99.52,1212.64,4.16821E+10,4.16816E+10,132523.00,0.00,0.00,0.00,0.00,0.00,0.00,0.00,0.00,0.00,0.00,0.00,0.00,0.00,0.00,0.00,0.00,0.00,0.00,0.00,0.00,0.00,0.00,0.00,0.00,0.00,0.00,0.00,0.00,0.00,0.00,0.00,0.00,0.00,0.00,17.00,0.00,0.00,0.00,0.00,1048576.00,62551.00,0.00,0.00,0.00,0.00,0.00,0.00,0.00,0.00,0.00,0.00,0.00,0.00,0.00,0.00,0.00,0.00,0.00,0.00,0.00,0.00,0.00,0.00,0.00,0.00,0.00,0.00,0.00,0.00,0.00,0.00,10621.00,106.00,0.00,0.00,106.00,0.00,262144.00,0.00,262144.00,262144.00,0.00,0.00,0.00,0.00,0.00,0.00,14.00,0.00,0.00,0.00,65536.00,1.67772E+07,1.68428E+07,262144.00,0.00,0.00,0.00,0.00,0.00,0.00,0.00,0.00,0.00,0.00
130,183.36,0,0,0,0,0,0,0,0,0,0,0,0,100.00,709.44,4.16821E+10,4.16816E+10,131710.00,0.00,0.00,0.00,0.00,0.00,0.00,0.00,0.00,0.00,0.00,0.00,0.00,0.00,0.00,0.00,0.00,0.00,0.00,0.00,0.00,0.00,0.00,0.00,0.00,0.00,0.00,0.00,0.00,0.00,0.00,0.00,0.00,0.00,0.00,17.00,0.00,0.00,0.00,0.00,1048576.00,62012.00,0.00,0.00,0.00,0.00,0.00,0.00,0.00,0.00,0.00,0.00,0.00,0.00,0.00,0.00,0.00,0.00,0.00,0.00,0.00,0.00,0.00,0.00,0.00,0.00,0.00,0.00,0.00,0.00,0.00,0.00,10859.00,106.00,0.00,0.00,106.00,0.00,262144.00,0.00,262144.00,262144.00,0.00,0.00,0.00,0.00,0.00,0.00,12.00,0.00,0.00,0.00,65536.00,1.67772E+07,1.68428E+07,262144.00,0.00,0.00,0.00,0.00,0.00,0.00,0.00,0.00,0.00,0.00
131,182.72,0,0,0,0,0,0,0,0,0,0,0,0,100.00,709.76,4.16821E+10,4.16816E+10,133329.00,0.00,0.00,0.00,0.00,0.00,0.00,0.00,0.00,0.00,0.00,0.00,0.00,0.00,0.00,0.00,0.00,0.00,0.00,0.00,0.00,0.00,0.00,0.00,0.00,0.00,0.00,0.00,0.00,0.00,0.00,0.00,0.00,0.00,0.00,17.00,0.00,0.00,0.00,0.00,1048576.00,62422.00,0.00,0.00,0.00,0.00,0.00,0.00,0.00,0.00,0.00,0.00,0.00,0.00,0.00,0.00,0.00,0.00,0.00,0.00,0.00,0.00,0.00,0.00,0.00,0.00,0.00,0.00,0.00,0.00,0.00,0.00,10839.00,106.00,0.00,0.00,106.00,0.00,262144.00,0.00,262144.00,262144.00,0.00,0.00,0.00,0.00,0.00,0.00,14.00,0.00,0.00,0.00,65536.00,1.67772E+07,1.68428E+07,262144.00,0.00,0.00,0.00,0.00,0.00,0.00,0.00,0.00,0.00,0.00
132,183.84,0,0,0,0,0,0,0,0,0,0,0,0,101.12,709.12,4.16821E+10,4.16816E+10,131849.00,0.00,0.00,0.00,0.00,0.00,0.00,0.00,0.00,0.00,0.00,0.00,0.00,0.00,0.00,0.00,0.00,0.00,0.00,0.00,0.00,0.00,0.00,0.00,0.00,0.00,0.00,0.00,0.00,0.00,0.00,0.00,0.00,0.00,0.00,17.00,0.00,0.00,0.00,0.00,1048576.00,61497.00,0.00,0.00,0.00,0.00,0.00,0.00,0.00,0.00,0.00,0.00,0.00,0.00,0.00,0.00,0.00,0.00,0.00,0.00,0.00,0.00,0.00,0.00,0.00,0.00,0.00,0.00,0.00,0.00,0.00,0.00,11091.00,106.00,0.00,0.00,106.00,0.00,262144.00,0.00,262144.00,262144.00,0.00,0.00,0.00,0.00,0.00,0.00,13.00,0.00,0.00,0.00,65536.00,1.67772E+07,1.68428E+07,262144.00,0.00,0.00,0.00,0.00,0.00,0.00,0.00,0.00,0.00,0.00
133,182.08,0,0,0,0,0,0,0,0,0,0,0,0,100.48,708.96,4.16821E+10,4.16816E+10,132119.00,0.00,0.00,0.00,0.00,0.00,0.00,0.00,0.00,0.00,0.00,0.00,0.00,0.00,0.00,0.00,0.00,0.00,0.00,0.00,0.00,0.00,0.00,0.00,0.00,0.00,0.00,0.00,0.00,0.00,0.00,0.00,0.00,0.00,0.00,17.00,0.00,0.00,0.00,0.00,1048576.00,62347.00,0.00,0.00,0.00,0.00,0.00,0.00,0.00,0.00,0.00,0.00,0.00,0.00,0.00,0.00,0.00,0.00,0.00,0.00,0.00,0.00,0.00,0.00,0.00,0.00,0.00,0.00,0.00,0.00,0.00,0.00,10553.00,106.00,0.00,0.00,106.00,0.00,262144.00,0.00,262144.00,262144.00,0.00,0.00,0.00,0.00,0.00,0.00,12.00,0.00,0.00,0.00,65536.00,1.67772E+07,1.68428E+07,262144.00,0.00,0.00,0.00,0.00,0.00,0.00,0.00,0.00,0.00,0.00
173,36.80,0,0,0,0,0,0,0,0,0,0,0,0,18.40,20.32,4.16821E+10,4.16816E+10,21671.00,0.00,0.00,0.00,0.00,0.00,0.00,0.00,0.00,0.00,0.00,0.00,0.00,0.00,0.00,0.00,0.00,0.00,0.00,0.00,0.00,0.00,0.00,0.00,0.00,0.00,0.00,0.00,0.00,0.00,0.00,0.00,0.00,0.00,0.00,17.00,0.00,0.00,0.00,0.00,0.00,0.00,0.00,0.00,0.00,0.00,0.00,0.00,0.00,0.00,0.00,0.00,0.00,0.00,0.00,0.00,0.00,0.00,0.00,0.00,0.00,0.00,0.00,0.00,0.00,0.00,0.00,0.00,0.00,0.00,0.00,0.00,47.00,0.00,171.00,0.00,65.00,1526944.00,0.00,0.00,0.00,0.00,0.00,0.00,0.00,0.00,0.00,0.00,0.00,0.00,25088.00,0.00,0.00,0.00,0.00,0.00,0.00,0.00,0.00,0.00,0.00,0.00,0.00,0.00,0.00,0.00
174,38.72,0,0,0,0,0,0,0,0,0,0,0,0,17.12,35.36,4.16821E+10,4.16816E+10,21810.00,0.00,0.00,0.00,0.00,0.00,0.00,0.00,0.00,0.00,0.00,0.00,0.00,0.00,0.00,0.00,0.00,0.00,0.00,0.00,0.00,0.00,0.00,0.00,0.00,0.00,0.00,0.00,0.00,0.00,0.00,0.00,0.00,0.00,0.00,17.00,0.00,0.00,0.00,0.00,0.00,0.00,0.00,0.00,0.00,0.00,0.00,0.00,0.00,0.00,0.00,0.00,0.00,0.00,0.00,0.00,0.00,0.00,0.00,0.00,0.00,0.00,0.00,0.00,0.00,0.00,0.00,0.00,0.00,0.00,0.00,0.00,47.00,0.00,175.00,0.00,67.00,1533136.00,0.00,0.00,0.00,0.00,0.00,0.00,0.00,0.00,0.00,0.00,0.00,0.00,56864.00,0.00,0.00,0.00,0.00,0.00,0.00,0.00,0.00,0.00,0.00,0.00,0.00,0.00,0.00,0.00
175,36.96,0,0,0,0,0,0,0,0,0,0,0,0,17.28,36.80,4.16821E+10,4.16816E+10,22081.00,0.00,0.00,0.00,0.00,0.00,0.00,0.00,0.00,0.00,0.00,0.00,0.00,0.00,0.00,0.00,0.00,0.00,0.00,0.00,0.00,0.00,0.00,0.00,0.00,0.00,0.00,0.00,0.00,0.00,0.00,0.00,0.00,0.00,0.00,17.00,0.00,0.00,0.00,0.00,0.00,0.00,0.00,0.00,0.00,0.00,0.00,0.00,0.00,0.00,0.00,0.00,0.00,0.00,0.00,0.00,0.00,0.00,0.00,0.00,0.00,0.00,0.00,0.00,0.00,0.00,0.00,0.00,0.00,0.00,0.00,0.00,47.00,0.00,184.00,0.00,76.00,1525904.00,0.00,0.00,0.00,0.00,0.00,0.00,0.00,0.00,0.00,0.00,0.00,0.00,54944.00,0.00,0.00,0.00,0.00,0.00,0.00,0.00,0.00,0.00,0.00,0.00,0.00,0.00,0.00,0.00
176,37.76,0,0,0,0,0,0,0,0,0,0,0,0,17.60,36.00,4.16821E+10,4.16816E+10,22212.00,0.00,0.00,0.00,0.00,0.00,0.00,0.00,0.00,0.00,0.00,0.00,0.00,0.00,0.00,0.00,0.00,0.00,0.00,0.00,0.00,0.00,0.00,0.00,0.00,0.00,0.00,0.00,0.00,0.00,0.00,0.00,0.00,0.00,0.00,17.00,0.00,0.00,0.00,0.00,0.00,0.00,0.00,0.00,0.00,0.00,0.00,0.00,0.00,0.00,0.00,0.00,0.00,0.00,0.00,0.00,0.00,0.00,0.00,0.00,0.00,0.00,0.00,0.00,0.00,0.00,0.00,0.00,0.00,0.00,0.00,0.00,47.00,0.00,185.00,0.00,77.00,1533824.00,0.00,0.00,0.00,0.00,0.00,0.00,0.00,0.00,0.00,0.00,0.00,0.00,55488.00,0.00,0.00,0.00,0.00,0.00,0.00,0.00,0.00,0.00,0.00,0.00,0.00,0.00,0.00,0.00
177,36.80,0,0,0,0,0,0,0,0,0,0,0,0,17.12,36.00,4.16821E+10,4.16816E+10,21809.00,0.00,0.00,0.00,0.00,0.00,0.00,0.00,0.00,0.00,0.00,0.00,0.00,0.00,0.00,0.00,0.00,0.00,0.00,0.00,0.00,0.00,0.00,0.00,0.00,0.00,0.00,0.00,0.00,0.00,0.00,0.00,0.00,0.00,0.00,17.00,0.00,0.00,0.00,0.00,0.00,0.00,0.00,0.00,0.00,0.00,0.00,0.00,0.00,0.00,0.00,0.00,0.00,0.00,0.00,0.00,0.00,0.00,0.00,0.00,0.00,0.00,0.00,0.00,0.00,0.00,0.00,0.00,0.00,0.00,0.00,0.00,47.00,0.00,199.00,0.00,87.00,1532432.00,0.00,0.00,0.00,0.00,0.00,0.00,0.00,0.00,0.00,0.00,0.00,0.00,56192.00,0.00,0.00,0.00,0.00,0.00,0.00,0.00,0.00,0.00,0.00,0.00,0.00,0.00,0.00,0.00
178,37.12,0,0,0,0,0,0,0,0,0,0,0,0,17.28,36.32,4.16821E+10,4.16816E+10,22081.00,0.00,0.00,0.00,0.00,0.00,0.00,0.00,0.00,0.00,0.00,0.00,0.00,0.00,0.00,0.00,0.00,0.00,0.00,0.00,0.00,0.00,0.00,0.00,0.00,0.00,0.00,0.00,0.00,0.00,0.00,0.00,0.00,0.00,0.00,17.00,0.00,0.00,0.00,0.00,0.00,0.00,0.00,0.00,0.00,0.00,0.00,0.00,0.00,0.00,0.00,0.00,0.00,0.00,0.00,0.00,0.00,0.00,0.00,0.00,0.00,0.00,0.00,0.00,0.00,0.00,0.00,0.00,0.00,0.00,0.00,0.00,47.00,0.00,198.00,0.00,86.00,1533344.00,0.00,0.00,0.00,0.00,0.00,0.00,0.00,0.00,0.00,0.00,0.00,0.00,55200.00,0.00,0.00,0.00,0.00,0.00,0.00,0.00,0.00,0.00,0.00,0.00,0.00,0.00,0.00,0.00
179,37.12,0,0,0,0,0,0,0,0,0,0,0,0,17.44,36.48,4.16821E+10,4.16816E+10,21808.00,0.00,0.00,0.00,0.00,0.00,0.00,0.00,0.00,0.00,0.00,0.00,0.00,0.00,0.00,0.00,0.00,0.00,0.00,0.00,0.00,0.00,0.00,0.00,0.00,0.00,0.00,0.00,0.00,0.00,0.00,0.00,0.00,0.00,0.00,17.00,0.00,0.00,0.00,0.00,0.00,0.00,0.00,0.00,0.00,0.00,0.00,0.00,0.00,0.00,0.00,0.00,0.00,0.00,0.00,0.00,0.00,0.00,0.00,0.00,0.00,0.00,0.00,0.00,0.00,0.00,0.00,0.00,0.00,0.00,0.00,0.00,47.00,0.00,190.00,0.00,81.00,1533824.00,0.00,0.00,0.00,0.00,0.00,0.00,0.00,0.00,0.00,0.00,0.00,0.00,55840.00,0.00,0.00,0.00,0.00,0.00,0.00,0.00,0.00,0.00,0.00,0.00,0.00,0.00,0.00,0.00
180,37.44,0,0,0,0,0,0,0,0,0,0,0,0,17.76,36.48,4.16821E+10,4.16816E+10,21809.00,0.00,0.00,0.00,0.00,0.00,0.00,0.00,0.00,0.00,0.00,0.00,0.00,0.00,0.00,0.00,0.00,0.00,0.00,0.00,0.00,0.00,0.00,0.00,0.00,0.00,0.00,0.00,0.00,0.00,0.00,0.00,0.00,0.00,0.00,17.00,0.00,0.00,0.00,0.00,0.00,0.00,0.00,0.00,0.00,0.00,0.00,0.00,0.00,0.00,0.00,0.00,0.00,0.00,0.00,0.00,0.00,0.00,0.00,0.00,0.00,0.00,0.00,0.00,0.00,0.00,0.00,0.00,0.00,0.00,0.00,0.00,47.00,0.00,202.00,0.00,90.00,1533632.00,0.00,0.00,0.00,0.00,0.00,0.00,0.00,0.00,0.00,0.00,0.00,0.00,55424.00,0.00,0.00,0.00,0.00,0.00,0.00,0.00,0.00,0.00,0.00,0.00,0.00,0.00,0.00,0.00
181,36.96,0,0,0,0,0,0,0,0,0,0,0,0,17.28,36.48,4.16821E+10,4.16816E+10,22078.00,0.00,0.00,0.00,0.00,0.00,0.00,0.00,0.00,0.00,0.00,0.00,0.00,0.00,0.00,0.00,0.00,0.00,0.00,0.00,0.00,0.00,0.00,0.00,0.00,0.00,0.00,0.00,0.00,0.00,0.00,0.00,0.00,0.00,0.00,17.00,0.00,0.00,0.00,0.00,0.00,0.00,0.00,0.00,0.00,0.00,0.00,0.00,0.00,0.00,0.00,0.00,0.00,0.00,0.00,0.00,0.00,0.00,0.00,0.00,0.00,0.00,0.00,0.00,0.00,0.00,0.00,0.00,0.00,0.00,0.00,0.00,47.00,0.00,184.00,0.00,76.00,1524192.00,0.00,0.00,0.00,0.00,0.00,0.00,0.00,0.00,0.00,0.00,0.00,0.00,55904.00,0.00,0.00,0.00,0.00,0.00,0.00,0.00,0.00,0.00,0.00,0.00,0.00,0.00,0.00,0.00
182,38.08,0,0,0,0,0,0,0,0,0,0,0,0,17.12,36.32,4.16821E+10,4.16816E+10,22227.00,0.00,0.00,0.00,0.00,0.00,0.00,0.00,0.00,0.00,0.00,0.00,0.00,0.00,0.00,0.00,0.00,0.00,0.00,0.00,0.00,0.00,0.00,0.00,0.00,0.00,0.00,0.00,0.00,0.00,0.00,0.00,0.00,0.00,0.00,17.00,0.00,0.00,0.00,0.00,0.00,0.00,0.00,0.00,0.00,0.00,0.00,0.00,0.00,0.00,0.00,0.00,0.00,0.00,0.00,0.00,0.00,0.00,0.00,0.00,0.00,0.00,0.00,0.00,0.00,0.00,0.00,0.00,0.00,0.00,0.00,0.00,47.00,0.00,202.00,0.00,90.00,1544784.00,0.00,0.00,0.00,0.00,0.00,0.00,0.00,0.00,0.00,0.00,0.00,0.00,54560.00,0.00,0.00,0.00,0.00,0.00,0.00,0.00,0.00,0.00,0.00,0.00,0.00,0.00,0.00,0.00
183,37.60,0,0,0,0,0,0,0,0,0,0,0,0,17.44,36.64,4.16821E+10,4.16816E+10,21674.00,0.00,0.00,0.00,0.00,0.00,0.00,0.00,0.00,0.00,0.00,0.00,0.00,0.00,0.00,0.00,0.00,0.00,0.00,0.00,0.00,0.00,0.00,0.00,0.00,0.00,0.00,0.00,0.00,0.00,0.00,0.00,0.00,0.00,0.00,17.00,0.00,0.00,0.00,0.00,0.00,0.00,0.00,0.00,0.00,0.00,0.00,0.00,0.00,0.00,0.00,0.00,0.00,0.00,0.00,0.00,0.00,0.00,0.00,0.00,0.00,0.00,0.00,0.00,0.00,0.00,0.00,0.00,0.00,0.00,0.00,0.00,47.00,0.00,202.00,0.00,90.00,1528656.00,0.00,0.00,0.00,0.00,0.00,0.00,0.00,0.00,0.00,0.00,0.00,0.00,55488.00,0.00,0.00,0.00,0.00,0.00,0.00,0.00,0.00,0.00,0.00,0.00,0.00,0.00,0.00,0.00
184,37.76,0,0,0,0,0,0,0,0,0,0,0,0,17.44,37.12,4.16821E+10,4.16816E+10,22211.00,0.00,0.00,0.00,0.00,0.00,0.00,0.00,0.00,0.00,0.00,0.00,0.00,0.00,0.00,0.00,0.00,0.00,0.00,0.00,0.00,0.00,0.00,0.00,0.00,0.00,0.00,0.00,0.00,0.00,0.00,0.00,0.00,0.00,0.00,17.00,0.00,0.00,0.00,0.00,0.00,0.00,0.00,0.00,0.00,0.00,0.00,0.00,0.00,0.00,0.00,0.00,0.00,0.00,0.00,0.00,0.00,0.00,0.00,0.00,0.00,0.00,0.00,0.00,0.00,0.00,0.00,0.00,0.00,0.00,0.00,0.00,47.00,0.00,202.00,0.00,90.00,1533824.00,0.00,0.00,0.00,0.00,0.00,0.00,0.00,0.00,0.00,0.00,0.00,0.00,56224.00,0.00,0.00,0.00,0.00,0.00,0.00,0.00,0.00,0.00,0.00,0.00,0.00,0.00,0.00,0.00
185,37.28,0,0,0,0,0,0,0,0,0,0,0,0,17.60,36.64,4.16821E+10,4.16816E+10,21958.00,0.00,0.00,0.00,0.00,0.00,0.00,0.00,0.00,0.00,0.00,0.00,0.00,0.00,0.00,0.00,0.00,0.00,0.00,0.00,0.00,0.00,0.00,0.00,0.00,0.00,0.00,0.00,0.00,0.00,0.00,0.00,0.00,0.00,0.00,17.00,0.00,0.00,0.00,0.00,0.00,0.00,0.00,0.00,0.00,0.00,0.00,0.00,0.00,0.00,0.00,0.00,0.00,0.00,0.00,0.00,0.00,0.00,0.00,0.00,0.00,0.00,0.00,0.00,0.00,0.00,0.00,0.00,0.00,0.00,0.00,0.00,47.00,0.00,200.00,0.00,88.00,1533504.00,0.00,0.00,0.00,0.00,0.00,0.00,0.00,0.00,0.00,0.00,0.00,0.00,54720.00,0.00,0.00,0.00,0.00,0.00,0.00,0.00,0.00,0.00,0.00,0.00,0.00,0.00,0.00,0.00
186,37.12,0,0,0,0,0,0,0,0,0,0,0,0,17.28,36.64,4.16821E+10,4.16816E+10,21946.00,0.00,0.00,0.00,0.00,0.00,0.00,0.00,0.00,0.00,0.00,0.00,0.00,0.00,0.00,0.00,0.00,0.00,0.00,0.00,0.00,0.00,0.00,0.00,0.00,0.00,0.00,0.00,0.00,0.00,0.00,0.00,0.00,0.00,0.00,17.00,0.00,0.00,0.00,0.00,0.00,0.00,0.00,0.00,0.00,0.00,0.00,0.00,0.00,0.00,0.00,0.00,0.00,0.00,0.00,0.00,0.00,0.00,0.00,0.00,0.00,0.00,0.00,0.00,0.00,0.00,0.00,0.00,0.00,0.00,0.00,0.00,47.00,0.00,190.00,0.00,81.00,1523360.00,0.00,0.00,0.00,0.00,0.00,0.00,0.00,0.00,0.00,0.00,0.00,0.00,54976.00,0.00,0.00,0.00,0.00,0.00,0.00,0.00,0.00,0.00,0.00,0.00,0.00,0.00,0.00,0.00
187,37.28,0,0,0,0,0,0,0,0,0,0,0,0,17.44,36.80,4.16821E+10,4.16816E+10,21674.00,0.00,0.00,0.00,0.00,0.00,0.00,0.00,0.00,0.00,0.00,0.00,0.00,0.00,0.00,0.00,0.00,0.00,0.00,0.00,0.00,0.00,0.00,0.00,0.00,0.00,0.00,0.00,0.00,0.00,0.00,0.00,0.00,0.00,0.00,17.00,0.00,0.00,0.00,0.00,0.00,0.00,0.00,0.00,0.00,0.00,0.00,0.00,0.00,0.00,0.00,0.00,0.00,0.00,0.00,0.00,0.00,0.00,0.00,0.00,0.00,0.00,0.00,0.00,0.00,0.00,0.00,0.00,0.00,0.00,0.00,0.00,47.00,0.00,201.00,0.00,89.00,1518656.00,0.00,0.00,0.00,0.00,0.00,0.00,0.00,0.00,0.00,0.00,0.00,0.00,54976.00,0.00,0.00,0.00,0.00,0.00,0.00,0.00,0.00,0.00,0.00,0.00,0.00,0.00,0.00,0.00
188,36.96,0,0,0,0,0,0,0,0,0,0,0,0,17.60,36.80,4.16821E+10,4.16816E+10,22350.00,0.00,0.00,0.00,0.00,0.00,0.00,0.00,0.00,0.00,0.00,0.00,0.00,0.00,0.00,0.00,0.00,0.00,0.00,0.00,0.00,0.00,0.00,0.00,0.00,0.00,0.00,0.00,0.00,0.00,0.00,0.00,0.00,0.00,0.00,17.00,0.00,0.00,0.00,0.00,0.00,0.00,0.00,0.00,0.00,0.00,0.00,0.00,0.00,0.00,0.00,0.00,0.00,0.00,0.00,0.00,0.00,0.00,0.00,0.00,0.00,0.00,0.00,0.00,0.00,0.00,0.00,0.00,0.00,0.00,0.00,0.00,47.00,0.00,184.00,0.00,76.00,1533824.00,0.00,0.00,0.00,0.00,0.00,0.00,0.00,0.00,0.00,0.00,0.00,0.00,53920.00,0.00,0.00,0.00,0.00,0.00,0.00,0.00,0.00,0.00,0.00,0.00,0.00,0.00,0.00,0.00
189,36.80,0,0,0,0,0,0,0,0,0,0,0,0,17.44,36.48,4.16821E+10,4.16816E+10,22081.00,0.00,0.00,0.00,0.00,0.00,0.00,0.00,0.00,0.00,0.00,0.00,0.00,0.00,0.00,0.00,0.00,0.00,0.00,0.00,0.00,0.00,0.00,0.00,0.00,0.00,0.00,0.00,0.00,0.00,0.00,0.00,0.00,0.00,0.00,17.00,0.00,0.00,0.00,0.00,0.00,0.00,0.00,0.00,0.00,0.00,0.00,0.00,0.00,0.00,0.00,0.00,0.00,0.00,0.00,0.00,0.00,0.00,0.00,0.00,0.00,0.00,0.00,0.00,0.00,0.00,0.00,0.00,0.00,0.00,0.00,0.00,47.00,0.00,199.00,0.00,87.00,1532608.00,0.00,0.00,0.00,0.00,0.00,0.00,0.00,0.00,0.00,0.00,0.00,0.00,55168.00,0.00,0.00,0.00,0.00,0.00,0.00,0.00,0.00,0.00,0.00,0.00,0.00,0.00,0.00,0.00
190,36.96,0,0,0,0,0,0,0,0,0,0,0,0,17.12,36.16,4.16821E+10,4.16816E+10,21676.00,0.00,0.00,0.00,0.00,0.00,0.00,0.00,0.00,0.00,0.00,0.00,0.00,0.00,0.00,0.00,0.00,0.00,0.00,0.00,0.00,0.00,0.00,0.00,0.00,0.00,0.00,0.00,0.00,0.00,0.00,0.00,0.00,0.00,0.00,17.00,0.00,0.00,0.00,0.00,0.00,0.00,0.00,0.00,0.00,0.00,0.00,0.00,0.00,0.00,0.00,0.00,0.00,0.00,0.00,0.00,0.00,0.00,0.00,0.00,0.00,0.00,0.00,0.00,0.00,0.00,0.00,0.00,0.00,0.00,0.00,0.00,47.00,0.00,186.00,0.00,77.00,1519152.00,0.00,0.00,0.00,0.00,0.00,0.00,0.00,0.00,0.00,0.00,0.00,0.00,55712.00,0.00,0.00,0.00,0.00,0.00,0.00,0.00,0.00,0.00,0.00,0.00,0.00,0.00,0.00,0.00
191,37.60,0,0,0,0,0,0,0,0,0,0,0,0,17.60,36.16,4.16821E+10,4.16816E+10,22214.00,0.00,0.00,0.00,0.00,0.00,0.00,0.00,0.00,0.00,0.00,0.00,0.00,0.00,0.00,0.00,0.00,0.00,0.00,0.00,0.00,0.00,0.00,0.00,0.00,0.00,0.00,0.00,0.00,0.00,0.00,0.00,0.00,0.00,0.00,17.00,0.00,0.00,0.00,0.00,0.00,0.00,0.00,0.00,0.00,0.00,0.00,0.00,0.00,0.00,0.00,0.00,0.00,0.00,0.00,0.00,0.00,0.00,0.00,0.00,0.00,0.00,0.00,0.00,0.00,0.00,0.00,0.00,0.00,0.00,0.00,0.00,47.00,0.00,194.00,0.00,85.00,1532384.00,0.00,0.00,0.00,0.00,0.00,0.00,0.00,0.00,0.00,0.00,0.00,0.00,57760.00,0.00,0.00,0.00,0.00,0.00,0.00,0.00,0.00,0.00,0.00,0.00,0.00,0.00,0.00,0.00
192,37.12,0,0,0,0,0,0,0,0,0,0,0,0,17.12,36.96,4.16821E+10,4.16816E+10,22081.00,0.00,0.00,0.00,0.00,0.00,0.00,0.00,0.00,0.00,0.00,0.00,0.00,0.00,0.00,0.00,0.00,0.00,0.00,0.00,0.00,0.00,0.00,0.00,0.00,0.00,0.00,0.00,0.00,0.00,0.00,0.00,0.00,0.00,0.00,17.00,0.00,0.00,0.00,0.00,0.00,0.00,0.00,0.00,0.00,0.00,0.00,0.00,0.00,0.00,0.00,0.00,0.00,0.00,0.00,0.00,0.00,0.00,0.00,0.00,0.00,0.00,0.00,0.00,0.00,0.00,0.00,0.00,0.00,0.00,0.00,0.00,47.00,0.00,174.00,0.00,68.00,1517968.00,0.00,0.00,0.00,0.00,0.00,0.00,0.00,0.00,0.00,0.00,0.00,0.00,55200.00,0.00,0.00,0.00,0.00,0.00,0.00,0.00,0.00,0.00,0.00,0.00,0.00,0.00,0.00,0.00
193,36.64,0,0,0,0,0,0,0,0,0,0,0,0,17.44,36.80,4.16821E+10,4.16816E+10,22763.00,0.00,0.00,0.00,0.00,0.00,0.00,0.00,0.00,0.00,0.00,0.00,0.00,0.00,0.00,0.00,0.00,0.00,0.00,0.00,0.00,0.00,0.00,0.00,0.00,0.00,0.00,0.00,0.00,0.00,0.00,0.00,0.00,0.00,0.00,17.00,0.00,0.00,0.00,0.00,0.00,0.00,0.00,0.00,0.00,0.00,0.00,0.00,0.00,0.00,0.00,0.00,0.00,0.00,0.00,0.00,0.00,0.00,0.00,0.00,0.00,0.00,0.00,0.00,0.00,0.00,0.00,0.00,0.00,0.00,0.00,0.00,47.00,0.00,184.00,0.00,75.00,1566592.00,0.00,0.00,0.00,0.00,0.00,0.00,0.00,0.00,0.00,0.00,0.00,0.00,55808.00,0.00,0.00,0.00,0.00,0.00,0.00,0.00,0.00,0.00,0.00,0.00,0.00,0.00,0.00,0.00
194,36.80,0,0,0,0,0,0,0,0,0,0,0,0,17.28,36.16,4.16821E+10,4.16816E+10,23175.00,0.00,0.00,0.00,0.00,0.00,0.00,0.00,0.00,0.00,0.00,0.00,0.00,0.00,0.00,0.00,0.00,0.00,0.00,0.00,0.00,0.00,0.00,0.00,0.00,0.00,0.00,0.00,0.00,0.00,0.00,0.00,0.00,0.00,0.00,17.00,0.00,0.00,0.00,0.00,0.00,0.00,0.00,0.00,0.00,0.00,0.00,0.00,0.00,0.00,0.00,0.00,0.00,0.00,0.00,0.00,0.00,0.00,0.00,0.00,0.00,0.00,0.00,0.00,0.00,0.00,0.00,0.00,0.00,0.00,0.00,0.00,47.00,0.00,199.00,0.00,87.00,1566592.00,0.00,0.00,0.00,0.00,0.00,0.00,0.00,0.00,0.00,0.00,0.00,0.00,55904.00,0.00,0.00,0.00,0.00,0.00,0.00,0.00,0.00,0.00,0.00,0.00,0.00,0.00,0.00,0.00
195,37.12,0,0,0,0,0,0,0,0,0,0,0,0,17.44,36.32,4.16821E+10,4.16816E+10,21805.00,0.00,0.00,0.00,0.00,0.00,0.00,0.00,0.00,0.00,0.00,0.00,0.00,0.00,0.00,0.00,0.00,0.00,0.00,0.00,0.00,0.00,0.00,0.00,0.00,0.00,0.00,0.00,0.00,0.00,0.00,0.00,0.00,0.00,0.00,17.00,0.00,0.00,0.00,0.00,0.00,0.00,0.00,0.00,0.00,0.00,0.00,0.00,0.00,0.00,0.00,0.00,0.00,0.00,0.00,0.00,0.00,0.00,0.00,0.00,0.00,0.00,0.00,0.00,0.00,0.00,0.00,0.00,0.00,0.00,0.00,0.00,47.00,0.00,202.00,0.00,90.00,1525856.00,0.00,0.00,0.00,0.00,0.00,0.00,0.00,0.00,0.00,0.00,0.00,0.00,55232.00,0.00,0.00,0.00,0.00,0.00,0.00,0.00,0.00,0.00,0.00,0.00,0.00,0.00,0.00,0.00
196,37.44,0,0,0,0,0,0,0,0,0,0,0,0,17.60,36.80,4.16821E+10,4.16816E+10,21943.00,0.00,0.00,0.00,0.00,0.00,0.00,0.00,0.00,0.00,0.00,0.00,0.00,0.00,0.00,0.00,0.00,0.00,0.00,0.00,0.00,0.00,0.00,0.00,0.00,0.00,0.00,0.00,0.00,0.00,0.00,0.00,0.00,0.00,0.00,17.00,0.00,0.00,0.00,0.00,0.00,0.00,0.00,0.00,0.00,0.00,0.00,0.00,0.00,0.00,0.00,0.00,0.00,0.00,0.00,0.00,0.00,0.00,0.00,0.00,0.00,0.00,0.00,0.00,0.00,0.00,0.00,0.00,0.00,0.00,0.00,0.00,47.00,0.00,203.00,0.00,91.00,1531504.00,0.00,0.00,0.00,0.00,0.00,0.00,0.00,0.00,0.00,0.00,0.00,0.00,56448.00,0.00,0.00,0.00,0.00,0.00,0.00,0.00,0.00,0.00,0.00,0.00,0.00,0.00,0.00,0.00
197,37.28,0,0,0,0,0,0,0,0,0,0,0,0,17.44,36.48,4.16821E+10,4.16816E+10,21806.00,0.00,0.00,0.00,0.00,0.00,0.00,0.00,0.00,0.00,0.00,0.00,0.00,0.00,0.00,0.00,0.00,0.00,0.00,0.00,0.00,0.00,0.00,0.00,0.00,0.00,0.00,0.00,0.00,0.00,0.00,0.00,0.00,0.00,0.00,17.00,0.00,0.00,0.00,0.00,0.00,0.00,0.00,0.00,0.00,0.00,0.00,0.00,0.00,0.00,0.00,0.00,0.00,0.00,0.00,0.00,0.00,0.00,0.00,0.00,0.00,0.00,0.00,0.00,0.00,0.00,0.00,0.00,0.00,0.00,0.00,0.00,47.00,0.00,197.00,0.00,85.00,1530160.00,0.00,0.00,0.00,0.00,0.00,0.00,0.00,0.00,0.00,0.00,0.00,0.00,56320.00,0.00,0.00,0.00,0.00,0.00,0.00,0.00,0.00,0.00,0.00,0.00,0.00,0.00,0.00,0.00
198,38.08,0,0,0,0,0,0,0,0,0,0,0,0,17.28,36.48,4.16821E+10,4.16816E+10,22486.00,0.00,0.00,0.00,0.00,0.00,0.00,0.00,0.00,0.00,0.00,0.00,0.00,0.00,0.00,0.00,0.00,0.00,0.00,0.00,0.00,0.00,0.00,0.00,0.00,0.00,0.00,0.00,0.00,0.00,0.00,0.00,0.00,0.00,0.00,17.00,0.00,0.00,0.00,0.00,0.00,0.00,0.00,0.00,0.00,0.00,0.00,0.00,0.00,0.00,0.00,0.00,0.00,0.00,0.00,0.00,0.00,0.00,0.00,0.00,0.00,0.00,0.00,0.00,0.00,0.00,0.00,0.00,0.00,0.00,0.00,0.00,47.00,0.00,184.00,0.00,76.00,1533824.00,0.00,0.00,0.00,0.00,0.00,0.00,0.00,0.00,0.00,0.00,0.00,0.00,56256.00,0.00,0.00,0.00,0.00,0.00,0.00,0.00,0.00,0.00,0.00,0.00,0.00,0.00,0.00,0.00
199,36.96,0,0,0,0,0,0,0,0,0,0,0,0,17.76,36.16,4.16821E+10,4.16816E+10,21944.00,0.00,0.00,0.00,0.00,0.00,0.00,0.00,0.00,0.00,0.00,0.00,0.00,0.00,0.00,0.00,0.00,0.00,0.00,0.00,0.00,0.00,0.00,0.00,0.00,0.00,0.00,0.00,0.00,0.00,0.00,0.00,0.00,0.00,0.00,17.00,0.00,0.00,0.00,0.00,0.00,0.00,0.00,0.00,0.00,0.00,0.00,0.00,0.00,0.00,0.00,0.00,0.00,0.00,0.00,0.00,0.00,0.00,0.00,0.00,0.00,0.00,0.00,0.00,0.00,0.00,0.00,0.00,0.00,0.00,0.00,0.00,47.00,0.00,198.00,0.00,86.00,1532208.00,0.00,0.00,0.00,0.00,0.00,0.00,0.00,0.00,0.00,0.00,0.00,0.00,55136.00,0.00,0.00,0.00,0.00,0.00,0.00,0.00,0.00,0.00,0.00,0.00,0.00,0.00,0.00,0.00
200,38.24,0,0,0,0,0,0,0,0,0,0,0,0,17.60,36.80,4.16821E+10,4.16816E+10,22487.00,0.00,0.00,0.00,0.00,0.00,0.00,0.00,0.00,0.00,0.00,0.00,0.00,0.00,0.00,0.00,0.00,0.00,0.00,0.00,0.00,0.00,0.00,0.00,0.00,0.00,0.00,0.00,0.00,0.00,0.00,0.00,0.00,0.00,0.00,17.00,0.00,0.00,0.00,0.00,0.00,0.00,0.00,0.00,0.00,0.00,0.00,0.00,0.00,0.00,0.00,0.00,0.00,0.00,0.00,0.00,0.00,0.00,0.00,0.00,0.00,0.00,0.00,0.00,0.00,0.00,0.00,0.00,0.00,0.00,0.00,0.00,47.00,0.00,195.00,0.00,83.00,1537008.00,0.00,0.00,0.00,0.00,0.00,0.00,0.00,0.00,0.00,0.00,0.00,0.00,55136.00,0.00,0.00,0.00,0.00,0.00,0.00,0.00,0.00,0.00,0.00,0.00,0.00,0.00,0.00,0.00
201,36.80,0,0,0,0,0,0,0,0,0,0,0,0,17.28,36.96,4.16821E+10,4.16816E+10,22352.00,0.00,0.00,0.00,0.00,0.00,0.00,0.00,0.00,0.00,0.00,0.00,0.00,0.00,0.00,0.00,0.00,0.00,0.00,0.00,0.00,0.00,0.00,0.00,0.00,0.00,0.00,0.00,0.00,0.00,0.00,0.00,0.00,0.00,0.00,17.00,0.00,0.00,0.00,0.00,0.00,0.00,0.00,0.00,0.00,0.00,0.00,0.00,0.00,0.00,0.00,0.00,0.00,0.00,0.00,0.00,0.00,0.00,0.00,0.00,0.00,0.00,0.00,0.00,0.00,0.00,0.00,0.00,0.00,0.00,0.00,0.00,47.00,0.00,195.00,0.00,83.00,1533824.00,0.00,0.00,0.00,0.00,0.00,0.00,0.00,0.00,0.00,0.00,0.00,0.00,55296.00,0.00,0.00,0.00,0.00,0.00,0.00,0.00,0.00,0.00,0.00,0.00,0.00,0.00,0.00,0.00
202,9.92,0,0,0,0,0,0,0,0,0,0,0,0,2.40,21.60,4.16821E+10,4.16816E+10,5065.00,0.00,0.00,0.00,0.00,0.00,0.00,0.00,0.00,0.00,0.00,0.00,0.00,0.00,0.00,0.00,0.00,0.00,0.00,0.00,0.00,0.00,0.00,0.00,0.00,0.00,0.00,0.00,0.00,0.00,0.00,0.00,0.00,0.00,0.00,17.00,0.00,0.00,0.00,0.00,0.00,0.00,0.00,0.00,0.00,0.00,0.00,0.00,0.00,0.00,0.00,0.00,0.00,0.00,0.00,0.00,0.00,0.00,0.00,0.00,0.00,0.00,0.00,0.00,0.00,0.00,0.00,0.00,0.00,0.00,0.00,0.00,47.00,0.00,163.00,0.00,51.00,262144.00,0.00,0.00,0.00,0.00,0.00,0.00,0.00,0.00,0.00,0.00,0.00,0.00,55872.00,0.00,0.00,0.00,0.00,0.00,0.00,0.00,0.00,0.00,0.00,0.00,0.00,0.00,0.00,0.00
203,9.12,0,0,0,0,0,0,0,0,0,0,0,0,2.72,20.48,4.16821E+10,4.16816E+10,5069.00,0.00,0.00,0.00,0.00,0.00,0.00,0.00,0.00,0.00,0.00,0.00,0.00,0.00,0.00,0.00,0.00,0.00,0.00,0.00,0.00,0.00,0.00,0.00,0.00,0.00,0.00,0.00,0.00,0.00,0.00,0.00,0.00,0.00,0.00,17.00,0.00,0.00,0.00,0.00,0.00,0.00,0.00,0.00,0.00,0.00,0.00,0.00,0.00,0.00,0.00,0.00,0.00,0.00,0.00,0.00,0.00,0.00,0.00,0.00,0.00,0.00,0.00,0.00,0.00,0.00,0.00,0.00,0.00,0.00,0.00,0.00,47.00,0.00,135.00,0.00,39.00,262144.00,0.00,0.00,0.00,0.00,0.00,0.00,0.00,0.00,0.00,0.00,0.00,0.00,55232.00,0.00,0.00,0.00,0.00,0.00,0.00,0.00,0.00,0.00,0.00,0.00,0.00,0.00,0.00,0.00
204,9.12,0,0,0,0,0,0,0,0,0,0,0,0,2.72,20.64,4.16821E+10,4.16816E+10,5335.00,0.00,0.00,0.00,0.00,0.00,0.00,0.00,0.00,0.00,0.00,0.00,0.00,0.00,0.00,0.00,0.00,0.00,0.00,0.00,0.00,0.00,0.00,0.00,0.00,0.00,0.00,0.00,0.00,0.00,0.00,0.00,0.00,0.00,0.00,17.00,0.00,0.00,0.00,0.00,0.00,0.00,0.00,0.00,0.00,0.00,0.00,0.00,0.00,0.00,0.00,0.00,0.00,0.00,0.00,0.00,0.00,0.00,0.00,0.00,0.00,0.00,0.00,0.00,0.00,0.00,0.00,0.00,0.00,0.00,0.00,0.00,47.00,0.00,163.00,0.00,51.00,262144.00,0.00,0.00,0.00,0.00,0.00,0.00,0.00,0.00,0.00,0.00,0.00,0.00,56288.00,0.00,0.00,0.00,0.00,0.00,0.00,0.00,0.00,0.00,0.00,0.00,0.00,0.00,0.00,0.00
205,9.12,0,0,0,0,0,0,0,0,0,0,0,0,2.56,20.96,4.16821E+10,4.16816E+10,5209.00,0.00,0.00,0.00,0.00,0.00,0.00,0.00,0.00,0.00,0.00,0.00,0.00,0.00,0.00,0.00,0.00,0.00,0.00,0.00,0.00,0.00,0.00,0.00,0.00,0.00,0.00,0.00,0.00,0.00,0.00,0.00,0.00,0.00,0.00,17.00,0.00,0.00,0.00,0.00,0.00,0.00,0.00,0.00,0.00,0.00,0.00,0.00,0.00,0.00,0.00,0.00,0.00,0.00,0.00,0.00,0.00,0.00,0.00,0.00,0.00,0.00,0.00,0.00,0.00,0.00,0.00,0.00,0.00,0.00,0.00,0.00,47.00,0.00,144.00,0.00,48.00,262144.00,0.00,0.00,0.00,0.00,0.00,0.00,0.00,0.00,0.00,0.00,0.00,0.00,55232.00,0.00,0.00,0.00,0.00,0.00,0.00,0.00,0.00,0.00,0.00,0.00,0.00,0.00,0.00,0.00
206,8.96,0,0,0,0,0,0,0,0,0,0,0,0,2.72,21.12,4.16821E+10,4.16816E+10,5204.00,0.00,0.00,0.00,0.00,0.00,0.00,0.00,0.00,0.00,0.00,0.00,0.00,0.00,0.00,0.00,0.00,0.00,0.00,0.00,0.00,0.00,0.00,0.00,0.00,0.00,0.00,0.00,0.00,0.00,0.00,0.00,0.00,0.00,0.00,17.00,0.00,0.00,0.00,0.00,0.00,0.00,0.00,0.00,0.00,0.00,0.00,0.00,0.00,0.00,0.00,0.00,0.00,0.00,0.00,0.00,0.00,0.00,0.00,0.00,0.00,0.00,0.00,0.00,0.00,0.00,0.00,0.00,0.00,0.00,0.00,0.00,47.00,0.00,166.00,0.00,54.00,261760.00,0.00,0.00,0.00,0.00,0.00,0.00,0.00,0.00,0.00,0.00,0.00,0.00,55232.00,0.00,0.00,0.00,0.00,0.00,0.00,0.00,0.00,0.00,0.00,0.00,0.00,0.00,0.00,0.00
207,8.96,0,0,0,0,0,0,0,0,0,0,0,0,2.72,21.76,4.16821E+10,4.16816E+10,5070.00,0.00,0.00,0.00,0.00,0.00,0.00,0.00,0.00,0.00,0.00,0.00,0.00,0.00,0.00,0.00,0.00,0.00,0.00,0.00,0.00,0.00,0.00,0.00,0.00,0.00,0.00,0.00,0.00,0.00,0.00,0.00,0.00,0.00,0.00,17.00,0.00,0.00,0.00,0.00,0.00,0.00,0.00,0.00,0.00,0.00,0.00,0.00,0.00,0.00,0.00,0.00,0.00,0.00,0.00,0.00,0.00,0.00,0.00,0.00,0.00,0.00,0.00,0.00,0.00,0.00,0.00,0.00,0.00,0.00,0.00,0.00,47.00,0.00,159.00,0.00,47.00,262144.00,0.00,0.00,0.00,0.00,0.00,0.00,0.00,0.00,0.00,0.00,0.00,0.00,55488.00,0.00,0.00,0.00,0.00,0.00,0.00,0.00,0.00,0.00,0.00,0.00,0.00,0.00,0.00,0.00
208,8.96,0,0,0,0,0,0,0,0,0,0,0,0,2.56,21.60,4.16821E+10,4.16816E+10,5067.00,0.00,0.00,0.00,0.00,0.00,0.00,0.00,0.00,0.00,0.00,0.00,0.00,0.00,0.00,0.00,0.00,0.00,0.00,0.00,0.00,0.00,0.00,0.00,0.00,0.00,0.00,0.00,0.00,0.00,0.00,0.00,0.00,0.00,0.00,17.00,0.00,0.00,0.00,0.00,0.00,0.00,0.00,0.00,0.00,0.00,0.00,0.00,0.00,0.00,0.00,0.00,0.00,0.00,0.00,0.00,0.00,0.00,0.00,0.00,0.00,0.00,0.00,0.00,0.00,0.00,0.00,0.00,0.00,0.00,0.00,0.00,47.00,0.00,163.00,0.00,51.00,262016.00,0.00,0.00,0.00,0.00,0.00,0.00,0.00,0.00,0.00,0.00,0.00,0.00,55232.00,0.00,0.00,0.00,0.00,0.00,0.00,0.00,0.00,0.00,0.00,0.00,0.00,0.00,0.00,0.00
209,8.64,0,0,0,0,0,0,0,0,0,0,0,0,2.72,20.96,4.16821E+10,4.16816E+10,5208.00,0.00,0.00,0.00,0.00,0.00,0.00,0.00,0.00,0.00,0.00,0.00,0.00,0.00,0.00,0.00,0.00,0.00,0.00,0.00,0.00,0.00,0.00,0.00,0.00,0.00,0.00,0.00,0.00,0.00,0.00,0.00,0.00,0.00,0.00,17.00,0.00,0.00,0.00,0.00,0.00,0.00,0.00,0.00,0.00,0.00,0.00,0.00,0.00,0.00,0.00,0.00,0.00,0.00,0.00,0.00,0.00,0.00,0.00,0.00,0.00,0.00,0.00,0.00,0.00,0.00,0.00,0.00,0.00,0.00,0.00,0.00,47.00,0.00,148.00,0.00,44.00,262144.00,0.00,0.00,0.00,0.00,0.00,0.00,0.00,0.00,0.00,0.00,0.00,0.00,55488.00,0.00,0.00,0.00,0.00,0.00,0.00,0.00,0.00,0.00,0.00,0.00,0.00,0.00,0.00,0.00
210,9.12,0,0,0,0,0,0,0,0,0,0,0,0,2.72,21.28,4.16821E+10,4.16816E+10,5339.00,0.00,0.00,0.00,0.00,0.00,0.00,0.00,0.00,0.00,0.00,0.00,0.00,0.00,0.00,0.00,0.00,0.00,0.00,0.00,0.00,0.00,0.00,0.00,0.00,0.00,0.00,0.00,0.00,0.00,0.00,0.00,0.00,0.00,0.00,17.00,0.00,0.00,0.00,0.00,0.00,0.00,0.00,0.00,0.00,0.00,0.00,0.00,0.00,0.00,0.00,0.00,0.00,0.00,0.00,0.00,0.00,0.00,0.00,0.00,0.00,0.00,0.00,0.00,0.00,0.00,0.00,0.00,0.00,0.00,0.00,0.00,47.00,0.00,145.00,0.00,41.00,262144.00,0.00,0.00,0.00,0.00,0.00,0.00,0.00,0.00,0.00,0.00,0.00,0.00,56032.00,0.00,0.00,0.00,0.00,0.00,0.00,0.00,0.00,0.00,0.00,0.00,0.00,0.00,0.00,0.00
211,9.44,0,0,0,0,0,0,0,0,0,0,0,0,2.88,21.44,4.16821E+10,4.16816E+10,4931.00,0.00,0.00,0.00,0.00,0.00,0.00,0.00,0.00,0.00,0.00,0.00,0.00,0.00,0.00,0.00,0.00,0.00,0.00,0.00,0.00,0.00,0.00,0.00,0.00,0.00,0.00,0.00,0.00,0.00,0.00,0.00,0.00,0.00,0.00,17.00,0.00,0.00,0.00,0.00,0.00,0.00,0.00,0.00,0.00,0.00,0.00,0.00,0.00,0.00,0.00,0.00,0.00,0.00,0.00,0.00,0.00,0.00,0.00,0.00,0.00,0.00,0.00,0.00,0.00,0.00,0.00,0.00,0.00,0.00,0.00,0.00,47.00,0.00,165.00,0.00,53.00,262144.00,0.00,0.00,0.00,0.00,0.00,0.00,0.00,0.00,0.00,0.00,0.00,0.00,56256.00,0.00,0.00,0.00,0.00,0.00,0.00,0.00,0.00,0.00,0.00,0.00,0.00,0.00,0.00,0.00
221,113.12,6,2,10,10,18,433062,6,0,0,2,433062,0,49.12,67.36,4.16821E+10,4.16816E+10,83151.00,0.00,5383.00,3.17991,0.00,0.00,0.00,0.00,16460.00,9.61442,59662.00,34.73548,0.00,0.00,6.00,17.00,6.00,0.47222,0.16667,0.00,0.00,0.00,0.00,0.00,0.00,0.00,0.00,0.00,0.00,2.00,30.00,250.00,22.00,6.94444,0.61111,2667.00,10.00,2.00,8.00,0.00,433062.00,32060.00,1.00,0.00,189.97222,0.00,0.00,0.00,0.00,0.00,0.00,0.00,0.00,0.00,0.00,0.00,0.00,0.00,0.00,0.00,0.00,0.00,0.00,0.00,0.00,0.00,2808.00,0.00,251.00,0.00,251.00,1.00,51000.00,7343.00,0.00,0.00,7343.00,0.00,109382.00,0.00,109382.00,109382.00,35686.00,0.00,143.00,0.00,0.00,0.00,33724.00,76000.00,296256.00,0.00,37248.00,6967200.00,7009056.00,109382.00,105.00,0.00,0.00,8832.00,512.00,111.00,138.00,2808.00,225.00,0.00
315,284.16,36,12,0,12,5,1205424,8,0,0,0,1205424,0,172.48,175.04,4.16821E+10,4.16816E+10,217096.00,0.00,3700.00,2.9396,0.00,0.00,0.00,0.00,0.00,0.00,207028.00,165.73694,0.00,0.00,9.00,26.00,4.00,0.72222,0.11111,0.00,0.00,0.00,0.00,0.00,0.00,0.00,0.00,0.00,0.00,0.00,0.00,0.00,0.00,0.00,0.00,4107.00,12.00,8.00,2.00,0.00,1205424.00,126174.00,13.00,9.00,8397.33333,4723.50,0.00,0.00,0.00,0.00,0.00,0.00,0.00,0.00,0.00,0.00,0.00,0.00,0.00,0.00,0.00,0.00,0.00,0.00,0.00,0.00,57157.00,0.00,1054841.00,0.00,1055157.00,1.00,196062.00,19242.00,0.00,0.00,19242.00,0.00,302284.00,1.00,302283.00,302283.00,16432.00,0.00,0.00,0.00,0.00,0.00,129440.00,0.00,0.00,49568.00,143264.00,1.92578E+07,1.93259E+07,302283.00,40.00,0.00,0.00,7351552.00,0.00,153455.00,114866.00,57157.00,0.00,0.00
334,714.08,6,2,0,2,5,381811,6,0,0,0,381811,0,420.96,592.48,4.16821E+10,4.16816E+10,561842.00,0.00,8184.00,6.13186,0.00,0.00,0.00,0.00,0.00,0.00,546060.00,410.71433,0.00,0.00,6.00,110.00,11.00,3.38889,0.30556,0.00,0.00,0.00,0.00,0.00,0.00,0.00,0.00,0.00,0.00,0.00,0.00,0.00,0.00,0.00,0.00,8259.00,2.00,0.00,2.00,0.00,3054488.00,330037.00,136.00,24.00,26275.69444,4016.66667,0.00,0.00,0.00,0.00,0.00,0.00,0.00,0.00,0.00,0.00,0.00,0.00,0.00,0.00,0.00,0.00,0.00,0.00,0.00,0.00,61135.00,0.00,1011804.00,0.00,1012332.00,1.00,12093.00,6385.00,0.00,2.00,6385.00,0.00,96378.00,3.00,96375.00,96375.00,0.00,0.00,0.00,381811.00,0.00,0.00,330514.00,95392.00,208256.00,556672.00,882944.00,4.54361E+07,4.62041E+07,771000.00,5154.00,0.00,0.00,1.90224E+07,0.00,135227.00,297264.00,61135.00,0.00,0.00
355,5224.80,6,2,0,2,2,1205424,4,0,0,0,1205424,0,2464.64,2462.56,4.16821E+10,4.16816E+10,3164363.00,0.00,3281.00,2.55549,0.00,0.00,0.00,0.00,0.00,0.00,3175893.00,2460.48972,0.00,0.00,4.00,2.00,2.00,0.05556,0.05556,0.00,0.00,0.00,0.00,0.00,0.00,0.00,0.00,0.00,0.00,0.00,0.00,0.00,0.00,0.00,0.00,3097.00,2.00,0.00,0.00,0.00,1205424.00,1980.00,2412.00,24.00,1472702.91667,12600.66667,0.00,0.00,0.00,0.00,0.00,0.00,0.00,0.00,0.00,0.00,0.00,0.00,0.00,0.00,0.00,0.00,0.00,0.00,0.00,0.00,3172234.00,0.00,7.18864E+07,0.00,7.18771E+07,1.00,3009770.00,19266.00,0.00,0.00,19266.00,0.00,302338.00,0.00,302338.00,302338.00,18032.00,0.00,0.00,0.00,0.00,0.00,1560.00,0.00,0.00,220800.00,311040.00,1.92465E+07,1.93119E+07,302338.00,494944.00,0.00,0.00,2.57651E+07,0.00,9851476.00,402578.00,3172234.00,0.00,0.00
362,1039.68,6,2,0,2,2,1205424,4,0,0,0,1205424,0,509.28,510.56,4.16821E+10,4.16816E+10,653586.00,0.00,2936.00,2.28776,0.00,0.00,0.00,0.00,0.00,0.00,649582.00,504.90548,0.00,0.00,4.00,2.00,2.00,0.05556,0.05556,0.00,0.00,0.00,0.00,0.00,0.00,0.00,0.00,0.00,0.00,0.00,0.00,0.00,0.00,0.00,0.00,3027.00,2.00,0.00,0.00,0.00,2410848.00,6235.00,47.00,37.00,27820.58333,19421.91667,0.00,0.00,0.00,0.00,0.00,0.00,0.00,0.00,0.00,0.00,0.00,0.00,0.00,0.00,0.00,0.00,0.00,0.00,0.00,0.00,647429.00,0.00,1.79369E+07,0.00,1.79344E+07,1.00,603999.00,19266.00,0.00,0.00,19266.00,0.00,302338.00,0.00,302338.00,302338.00,18032.00,0.00,0.00,0.00,0.00,0.00,3958.00,0.00,0.00,686528.00,867264.00,3.85647E+07,3.87191E+07,604676.00,768.00,0.00,0.00,1.98022E+07,0.00,409348.00,309403.00,647429.00,0.00,0.00
389,1655.68,6,2,0,2,2,1205424,4,0,0,0,1205424,0,995.84,1000.96,4.16821E+10,4.16816E+10,1271242.00,0.00,2913.00,2.28193,0.00,0.00,0.00,0.00,0.00,0.00,1265870.00,989.63033,0.00,0.00,4.00,2.00,2.00,0.05556,0.05556,0.00,0.00,0.00,0.00,0.00,0.00,0.00,0.00,0.00,0.00,0.00,0.00,0.00,0.00,0.00,0.00,2987.00,2.00,0.00,0.00,0.00,1205424.00,11191.00,119.18797,42.22072,69787.00,22162.36111,0.00,0.00,0.00,0.00,0.00,0.00,0.00,0.00,0.00,0.00,0.00,0.00,0.00,0.00,0.00,0.00,0.00,0.00,0.00,0.00,1249760.00,0.00,8438374.00,0.00,8438552.00,1.00,1236346.00,19266.00,0.00,0.00,19266.00,0.00,302338.00,0.00,302338.00,302338.00,18032.00,0.00,0.00,0.00,0.00,0.00,14514.00,0.00,0.00,291936.00,382176.00,1.92495E+07,1.93150E+07,302338.00,80029.00,0.00,0.00,1.45295E+08,0.00,1860131.00,2270979.00,1249760.00,0.00,0.00
407,374.88,6,2,0,2,2,1205424,4,0,0,0,1205424,0,218.08,218.56,4.16821E+10,4.16816E+10,280379.00,0.00,2962.00,2.30386,0.00,0.00,0.00,0.00,0.00,0.00,273330.00,212.08365,0.00,0.00,4.00,2.00,2.00,0.05556,0.05556,0.00,0.00,0.00,0.00,0.00,0.00,0.00,0.00,0.00,0.00,0.00,0.00,0.00,0.00,0.00,0.00,3016.00,2.00,0.00,0.00,0.00,1205424.00,191403.00,26.00,12.00,27820.58333,6299.00,0.00,0.00,0.00,0.00,0.00,0.00,0.00,0.00,0.00,0.00,0.00,0.00,0.00,0.00,0.00,0.00,0.00,0.00,0.00,0.00,66039.00,0.00,1054975.00,0.00,1054722.00,1.00,259700.00,19266.00,0.00,0.00,19266.00,0.00,302338.00,0.00,302338.00,302338.00,18032.00,0.00,0.00,0.00,0.00,0.00,195767.00,0.00,0.00,49920.00,140160.00,1.92495E+07,1.93150E+07,302338.00,0.00,0.00,0.00,1.94242E+07,0.00,260.00,303505.00,66039.00,0.00,0.00
420,71.36,6,2,0,2,2,1175328,4,0,0,0,1175328,0,36.00,36.32,4.16821E+10,4.16816E+10,48260.00,0.00,3705.00,2.76378,0.00,0.00,0.00,0.00,0.00,0.00,40779.00,31.20908,0.00,0.00,4.00,13.00,3.00,0.36111,0.08333,0.00,0.00,0.00,0.00,0.00,0.00,0.00,0.00,0.00,0.00,0.00,0.00,0.00,0.00,0.00,0.00,3440.00,2.00,0.00,0.00,0.00,1175328.00,2661.00,18.00,11.00,9226.50,5638.41667,0.00,0.00,0.00,0.00,0.00,0.00,0.00,0.00,0.00,0.00,0.00,0.00,0.00,0.00,0.00,0.00,0.00,0.00,0.00,0.00,18920.00,0.00,1029159.00,0.00,1029413.00,1.00,38106.00,18868.00,0.00,0.00,18868.00,0.00,295206.00,0.00,295206.00,295206.00,25696.00,0.00,0.00,0.00,0.00,0.00,2882.00,0.00,0.00,7712.00,29216.00,594720.00,594720.00,0.00,0.00,0.00,0.00,896.00,0.00,86.00,14.00,18920.00,0.00,0.00
423,71.68,1719,573,0,573,573,1202785,747,0,0,0,1202785,0,32.32,69.44,4.16821E+10,4.16816E+10,44675.00,0.00,3290.00,2.38014,0.00,0.00,0.00,0.00,0.00,0.00,39955.00,28.89886,0.00,0.00,751.00,13.00,3.00,5.05556,1.16667,0.00,0.00,0.00,0.00,0.00,0.00,0.00,0.00,0.00,0.00,0.00,0.00,0.00,0.00,0.00,0.00,3266.00,573.00,0.00,0.00,0.00,1202785.00,622.00,18.00,11.00,9690.50,5921.97222,0.00,0.00,0.00,0.00,0.00,0.00,0.00,0.00,0.00,0.00,0.00,0.00,0.00,0.00,0.00,0.00,0.00,0.00,0.00,0.00,16896.00,0.00,1053875.00,0.00,1053362.00,1.00,38935.00,24123.00,0.00,555.00,24123.00,0.00,312177.00,2125.00,310052.00,310052.00,140193.00,0.00,0.00,0.00,0.00,0.00,1023.00,0.00,0.00,117632.00,117632.00,693088.00,693088.00,0.00,2.00,0.00,0.00,24320.00,0.00,431.00,380.00,16896.00,0.00,0.00
426,12.80,6,2,0,2,2,16256,4,0,0,0,16256,0,2.40,70.72,4.16821E+10,4.16816E+10,10255.00,0.00,1575.00,0.3686,0.00,0.00,0.00,0.00,0.00,0.00,6929.00,1.64308,0.00,0.00,4.00,13.00,3.00,0.36111,0.08333,0.00,0.00,0.00,0.00,0.00,0.00,0.00,0.00,0.00,0.00,0.00,0.00,0.00,0.00,0.00,0.00,2029.00,2.00,0.00,0.00,0.00,16256.00,0.00,18.00,11.00,133.00,81.27778,0.00,0.00,0.00,0.00,0.00,0.00,0.00,0.00,0.00,0.00,0.00,0.00,0.00,0.00,0.00,0.00,0.00,0.00,0.00,0.00,4756.00,0.00,14286.00,0.00,14279.00,1.00,330.00,304.00,0.00,0.00,304.00,0.00,4224.00,1.00,4223.00,4223.00,3712.00,0.00,0.00,0.00,0.00,0.00,0.00,0.00,0.00,3488.00,3488.00,17888.00,17888.00,0.00,72.00,0.00,0.00,780544.00,0.00,2774.00,12196.00,4756.00,0.00,0.00
429,3.84,210,70,0,70,70,1100,140,0,0,0,1100,0,0.32,70.88,4.16821E+10,4.16816E+10,4445.00,0.00,1910.00,0.1375,0.00,0.00,0.00,0.00,0.00,0.00,946.00,0.07042,0.00,0.00,140.00,13.00,3.00,1.08333,0.25,0.00,0.00,0.00,0.00,0.00,0.00,0.00,0.00,0.00,0.00,0.00,0.00,0.00,0.00,0.00,0.00,2025.00,70.00,0.00,0.00,0.00,1100.00,0.00,18.00,11.00,15.50,9.47222,0.00,0.00,0.00,0.00,0.00,0.00,0.00,0.00,0.00,0.00,0.00,0.00,0.00,0.00,0.00,0.00,0.00,0.00,0.00,0.00,154.00,0.00,1275.00,0.00,1264.00,1.00,97.00,155.00,0.00,2.00,155.00,0.00,486.00,21.00,465.00,465.00,1100.00,0.00,0.00,0.00,0.00,0.00,0.00,0.00,0.00,1568.00,1568.00,2336.00,2336.00,0.00,0.00,0.00,0.00,5120.00,0.00,221.00,80.00,154.00,0.00,0.00
432,7.52,6,2,0,2,2,16256,4,0,0,0,16256,0,0.48,71.36,4.16821E+10,4.16816E+10,5799.00,0.00,1757.00,0.14543,0.00,0.00,0.00,0.00,0.00,0.00,2544.00,0.21556,0.00,0.00,4.00,13.00,3.00,0.36111,0.08333,0.00,0.00,0.00,0.00,0.00,0.00,0.00,0.00,0.00,0.00,0.00,0.00,0.00,0.00,0.00,0.00,1564.00,2.00,0.00,0.00,0.00,16256.00,0.00,18.00,11.00,131.00,80.05556,0.00,0.00,0.00,0.00,0.00,0.00,0.00,0.00,0.00,0.00,0.00,0.00,0.00,0.00,0.00,0.00,0.00,0.00,0.00,0.00,1645.00,0.00,14278.00,0.00,14262.00,1.00,298.00,304.00,0.00,0.00,304.00,0.00,4160.00,0.00,4160.00,4160.00,3712.00,0.00,0.00,0.00,0.00,0.00,0.00,0.00,0.00,4128.00,4128.00,10464.00,10464.00,0.00,77.00,0.00,0.00,192.00,0.00,15033.00,3.00,1645.00,0.00,0.00
435,3.68,54,18,0,18,18,270,36,0,0,0,270,0,0.32,71.20,4.16821E+10,4.16816E+10,3892.00,0.00,1595.00,0.13114,0.00,0.00,0.00,0.00,0.00,0.00,681.00,0.05586,0.00,0.00,36.00,13.00,3.00,0.36111,0.08333,0.00,0.00,0.00,0.00,0.00,0.00,0.00,0.00,0.00,0.00,0.00,0.00,0.00,0.00,0.00,0.00,1695.00,18.00,0.00,0.00,0.00,270.00,0.00,18.00,11.00,4.50,2.75,0.00,0.00,0.00,0.00,0.00,0.00,0.00,0.00,0.00,0.00,0.00,0.00,0.00,0.00,0.00,0.00,0.00,0.00,0.00,0.00,93.00,0.00,270.00,0.00,270.00,1.00,20.00,42.00,0.00,1.00,42.00,0.00,115.00,3.00,112.00,112.00,270.00,0.00,0.00,0.00,0.00,0.00,0.00,0.00,0.00,512.00,512.00,896.00,896.00,0.00,0.00,0.00,0.00,1024.00,0.00,66.00,16.00,93.00,0.00,0.00
438,6.72,6,2,0,2,2,16256,4,0,0,0,16256,0,0.64,72.64,4.16821E+10,4.16816E+10,5665.00,0.00,1537.00,0.17364,0.00,0.00,0.00,0.00,0.00,0.00,2540.00,0.27418,0.00,0.00,4.00,13.00,3.00,0.36111,0.08333,0.00,0.00,0.00,0.00,0.00,0.00,0.00,0.00,0.00,0.00,0.00,0.00,0.00,0.00,0.00,0.00,1862.00,2.00,0.00,0.00,0.00,16256.00,0.00,18.00,11.00,131.00,80.05556,0.00,0.00,0.00,0.00,0.00,0.00,0.00,0.00,0.00,0.00,0.00,0.00,0.00,0.00,0.00,0.00,0.00,0.00,0.00,0.00,1616.00,0.00,14236.00,0.00,14244.00,1.00,264.00,304.00,0.00,0.00,304.00,0.00,4160.00,0.00,4160.00,4160.00,3712.00,0.00,0.00,0.00,0.00,0.00,0.00,0.00,0.00,4160.00,4160.00,10432.00,10432.00,0.00,70.00,0.00,0.00,128.00,0.00,13777.00,2.00,1616.00,0.00,0.00
441,3.68,90,30,0,30,30,469,60,0,0,0,469,0,0.64,73.12,4.16821E+10,4.16816E+10,4036.00,0.00,1662.00,0.26355,0.00,0.00,0.00,0.00,0.00,0.00,752.00,0.11541,0.00,0.00,60.00,13.00,3.00,0.36111,0.08333,0.00,0.00,0.00,0.00,0.00,0.00,0.00,0.00,0.00,0.00,0.00,0.00,0.00,0.00,0.00,0.00,1783.00,30.00,0.00,0.00,0.00,469.00,0.00,18.00,11.00,7.00,4.27778,0.00,0.00,0.00,0.00,0.00,0.00,0.00,0.00,0.00,0.00,0.00,0.00,0.00,0.00,0.00,0.00,0.00,0.00,0.00,0.00,93.00,0.00,589.00,0.00,589.00,1.00,31.00,74.00,0.00,1.00,74.00,0.00,194.00,6.00,188.00,188.00,469.00,0.00,0.00,0.00,0.00,0.00,0.00,0.00,0.00,896.00,896.00,1152.00,1152.00,0.00,0.00,0.00,0.00,1600.00,0.00,115.00,25.00,93.00,0.00,0.00
444,6.88,6,2,0,2,2,16256,4,0,0,0,16256,0,1.12,73.12,4.16821E+10,4.16816E+10,5676.00,0.00,1504.00,0.29677,0.00,0.00,0.00,0.00,0.00,0.00,2561.00,0.49369,0.00,0.00,4.00,13.00,3.00,0.36111,0.08333,0.00,0.00,0.00,0.00,0.00,0.00,0.00,0.00,0.00,0.00,0.00,0.00,0.00,0.00,0.00,0.00,1553.00,2.00,0.00,0.00,0.00,16256.00,0.00,18.00,11.00,131.00,80.05556,0.00,0.00,0.00,0.00,0.00,0.00,0.00,0.00,0.00,0.00,0.00,0.00,0.00,0.00,0.00,0.00,0.00,0.00,0.00,0.00,1574.00,0.00,14207.00,0.00,14181.00,1.00,347.00,304.00,0.00,0.00,304.00,0.00,4160.00,0.00,4160.00,4160.00,3712.00,0.00,0.00,0.00,0.00,0.00,0.00,0.00,0.00,4128.00,4128.00,10208.00,10208.00,0.00,80.00,0.00,0.00,128.00,0.00,15104.00,2.00,1574.00,0.00,0.00
447,3.52,96,32,0,32,32,499,64,0,0,0,499,0,0.64,73.76,4.16821E+10,4.16816E+10,3897.00,0.00,1704.00,0.27985,0.00,0.00,0.00,0.00,0.00,0.00,577.00,0.09156,0.00,0.00,64.00,13.00,3.00,0.36111,0.08333,0.00,0.00,0.00,0.00,0.00,0.00,0.00,0.00,0.00,0.00,0.00,0.00,0.00,0.00,0.00,0.00,1855.00,32.00,0.00,0.00,0.00,499.00,0.00,18.00,11.00,7.50,4.58333,0.00,0.00,0.00,0.00,0.00,0.00,0.00,0.00,0.00,0.00,0.00,0.00,0.00,0.00,0.00,0.00,0.00,0.00,0.00,0.00,93.00,0.00,513.00,0.00,516.00,1.00,40.00,75.00,0.00,0.00,75.00,0.00,205.00,3.00,202.00,202.00,499.00,0.00,0.00,0.00,0.00,0.00,0.00,0.00,0.00,928.00,928.00,1344.00,1344.00,0.00,0.00,0.00,0.00,1344.00,0.00,124.00,21.00,93.00,0.00,0.00
450,184.48,6,2,0,2,2,562302,4,0,0,0,562302,0,105.12,178.88,4.16821E+10,4.16816E+10,141209.00,0.00,1534.00,1.14195,0.00,0.00,0.00,0.00,0.00,0.00,138805.00,102.73816,0.00,0.00,4.00,13.00,3.00,0.36111,0.08333,0.00,0.00,0.00,0.00,0.00,0.00,0.00,0.00,0.00,0.00,0.00,0.00,0.00,0.00,0.00,0.00,1582.00,2.00,0.00,0.00,0.00,562302.00,0.00,18.00,11.00,4410.00,2695.00,0.00,0.00,0.00,0.00,0.00,0.00,0.00,0.00,0.00,0.00,0.00,0.00,0.00,0.00,0.00,0.00,0.00,0.00,0.00,0.00,137290.00,0.00,492107.00,0.00,492152.00,1.00,121001.00,9214.00,0.00,0.00,9214.00,0.00,141098.00,0.00,141098.00,141098.00,19710.00,0.00,0.00,0.00,0.00,0.00,464.00,0.00,0.00,68544.00,68544.00,1049120.00,1049120.00,0.00,9284.00,0.00,0.00,1.88240E+07,0.00,90275.00,294055.00,137290.00,0.00,0.00
453,4.64,276,92,0,92,92,5078,168,0,0,0,5078,0,0.32,178.88,4.16821E+10,4.16816E+10,4857.00,0.00,2149.00,0.14159,0.00,0.00,0.00,0.00,0.00,0.00,1029.00,0.06959,0.00,0.00,168.00,13.00,3.00,1.08333,0.25,0.00,0.00,0.00,0.00,0.00,0.00,0.00,0.00,0.00,0.00,0.00,0.00,0.00,0.00,0.00,0.00,2092.00,92.00,0.00,0.00,0.00,5078.00,0.00,18.00,11.00,51.50,31.47222,0.00,0.00,0.00,0.00,0.00,0.00,0.00,0.00,0.00,0.00,0.00,0.00,0.00,0.00,0.00,0.00,0.00,0.00,0.00,0.00,186.00,0.00,5354.00,0.00,4759.00,1.00,153.00,343.00,0.00,10.00,343.00,0.00,1664.00,38.00,1626.00,1626.00,3798.00,0.00,0.00,0.00,0.00,0.00,0.00,0.00,0.00,3808.00,3808.00,15264.00,15264.00,0.00,0.00,0.00,0.00,9152.00,0.00,171.00,143.00,186.00,0.00,0.00
456,7.20,849,283,0,283,283,32151,562,0,0,0,32151,0,0.48,148.16,4.16821E+10,4.16816E+10,6606.00,0.00,4145.00,0.30118,0.00,0.00,0.00,0.00,0.00,0.00,3015.00,0.21858,0.00,0.00,564.00,13.00,3.00,3.61111,0.83333,0.00,0.00,0.00,0.00,0.00,0.00,0.00,0.00,0.00,0.00,0.00,0.00,0.00,0.00,0.00,0.00,3858.00,283.00,0.00,0.00,0.00,32151.00,0.00,18.00,11.00,302.00,184.55556,0.00,0.00,0.00,0.00,0.00,0.00,0.00,0.00,0.00,0.00,0.00,0.00,0.00,0.00,0.00,0.00,0.00,0.00,0.00,0.00,707.00,0.00,29033.00,0.00,29234.00,1.00,978.00,1425.00,0.00,14.00,1425.00,0.00,9714.00,70.00,9644.00,9644.00,24663.00,0.00,0.00,0.00,0.00,0.00,0.00,0.00,0.00,20896.00,20896.00,51424.00,51424.00,0.00,0.00,0.00,0.00,16640.00,0.00,498.00,260.00,707.00,0.00,0.00
459,6.40,6,2,0,2,2,256,4,0,0,0,256,0,0.16,114.56,4.16821E+10,4.16816E+10,5940.00,0.00,1594.00,0.04294,0.00,0.00,0.00,0.00,0.00,0.00,3153.00,0.08306,0.00,0.00,4.00,13.00,3.00,0.36111,0.08333,0.00,0.00,0.00,0.00,0.00,0.00,0.00,0.00,0.00,0.00,0.00,0.00,0.00,0.00,0.00,0.00,1632.00,2.00,0.00,0.00,0.00,256.00,0.00,18.00,11.00,2.50,1.52778,0.00,0.00,0.00,0.00,0.00,0.00,0.00,0.00,0.00,0.00,0.00,0.00,0.00,0.00,0.00,0.00,0.00,0.00,0.00,0.00,1686.00,0.00,256.00,0.00,264.00,1.00,2.00,12.00,0.00,0.00,12.00,0.00,72.00,0.00,72.00,72.00,256.00,0.00,0.00,0.00,0.00,0.00,0.00,0.00,0.00,256.00,256.00,672.00,672.00,0.00,97.00,0.00,0.00,65728.00,0.00,4.00,1027.00,1686.00,0.00,0.00
462,3.52,96,32,0,32,32,494,64,0,0,0,494,0,0.16,112.96,4.16821E+10,4.16816E+10,4166.00,0.00,1962.00,0.07535,0.00,0.00,0.00,0.00,0.00,0.00,576.00,0.02363,0.00,0.00,64.00,13.00,3.00,0.36111,0.08333,0.00,0.00,0.00,0.00,0.00,0.00,0.00,0.00,0.00,0.00,0.00,0.00,0.00,0.00,0.00,0.00,1845.00,32.00,0.00,0.00,0.00,494.00,0.00,18.00,11.00,8.00,4.88889,0.00,0.00,0.00,0.00,0.00,0.00,0.00,0.00,0.00,0.00,0.00,0.00,0.00,0.00,0.00,0.00,0.00,0.00,0.00,0.00,113.00,0.00,494.00,0.00,353.00,1.00,31.00,76.00,0.00,8.00,76.00,0.00,243.00,15.00,228.00,228.00,494.00,0.00,0.00,0.00,0.00,0.00,0.00,0.00,0.00,960.00,960.00,3584.00,3584.00,0.00,0.00,0.00,0.00,1344.00,0.00,97.00,21.00,113.00,0.00,0.00
465,5.92,6,2,0,2,2,256,4,0,0,0,256,0,0.16,112.80,4.16821E+10,4.16816E+10,5925.00,0.00,1638.00,0.04423,0.00,0.00,0.00,0.00,0.00,0.00,3057.00,0.08078,0.00,0.00,4.00,13.00,3.00,0.36111,0.08333,0.00,0.00,0.00,0.00,0.00,0.00,0.00,0.00,0.00,0.00,0.00,0.00,0.00,0.00,0.00,0.00,1685.00,2.00,0.00,0.00,0.00,256.00,0.00,18.00,11.00,2.50,1.52778,0.00,0.00,0.00,0.00,0.00,0.00,0.00,0.00,0.00,0.00,0.00,0.00,0.00,0.00,0.00,0.00,0.00,0.00,0.00,0.00,2130.00,0.00,264.00,0.00,264.00,1.00,3.00,14.00,0.00,0.00,14.00,0.00,72.00,0.00,72.00,72.00,256.00,0.00,0.00,0.00,0.00,0.00,0.00,0.00,0.00,256.00,256.00,768.00,768.00,0.00,100.00,0.00,0.00,65728.00,0.00,3.00,1027.00,2130.00,0.00,0.00
468,3.52,60,20,0,20,20,330,40,0,0,0,330,0,0.32,112.48,4.16821E+10,4.16816E+10,3896.00,0.00,1692.00,0.13897,0.00,0.00,0.00,0.00,0.00,0.00,543.00,0.04615,0.00,0.00,40.00,13.00,3.00,0.36111,0.08333,0.00,0.00,0.00,0.00,0.00,0.00,0.00,0.00,0.00,0.00,0.00,0.00,0.00,0.00,0.00,0.00,1700.00,20.00,0.00,0.00,0.00,330.00,0.00,18.00,11.00,5.50,3.36111,0.00,0.00,0.00,0.00,0.00,0.00,0.00,0.00,0.00,0.00,0.00,0.00,0.00,0.00,0.00,0.00,0.00,0.00,0.00,0.00,93.00,0.00,341.00,0.00,299.00,1.00,24.00,51.00,0.00,0.00,51.00,0.00,151.00,6.00,145.00,145.00,330.00,0.00,0.00,0.00,0.00,0.00,0.00,0.00,0.00,640.00,640.00,1888.00,1888.00,0.00,0.00,0.00,0.00,896.00,0.00,47.00,14.00,93.00,0.00,0.00
471,4.96,6,2,0,2,2,256,4,0,0,0,256,0,0.32,112.32,4.16821E+10,4.16816E+10,4979.00,0.00,1580.00,0.10155,0.00,0.00,0.00,0.00,0.00,0.00,1955.00,0.12926,0.00,0.00,4.00,13.00,3.00,0.36111,0.08333,0.00,0.00,0.00,0.00,0.00,0.00,0.00,0.00,0.00,0.00,0.00,0.00,0.00,0.00,0.00,0.00,1598.00,2.00,0.00,0.00,0.00,256.00,0.00,18.00,11.00,3.50,2.13889,0.00,0.00,0.00,0.00,0.00,0.00,0.00,0.00,0.00,0.00,0.00,0.00,0.00,0.00,0.00,0.00,0.00,0.00,0.00,0.00,1126.00,0.00,28.00,0.00,256.00,1.00,1.00,12.00,0.00,0.00,12.00,0.00,72.00,0.00,72.00,72.00,256.00,0.00,0.00,0.00,0.00,0.00,0.00,0.00,0.00,192.00,192.00,608.00,608.00,0.00,101.00,0.00,0.00,36992.00,0.00,2.00,578.00,1126.00,0.00,0.00
474,3.36,54,18,0,18,18,335,36,0,0,0,335,0,0.16,112.00,4.16821E+10,4.16816E+10,3769.00,0.00,1636.00,0.06945,0.00,0.00,0.00,0.00,0.00,0.00,537.00,0.02281,0.00,0.00,36.00,13.00,3.00,0.36111,0.08333,0.00,0.00,0.00,0.00,0.00,0.00,0.00,0.00,0.00,0.00,0.00,0.00,0.00,0.00,0.00,0.00,1788.00,18.00,0.00,0.00,0.00,335.00,0.00,18.00,11.00,5.50,3.36111,0.00,0.00,0.00,0.00,0.00,0.00,0.00,0.00,0.00,0.00,0.00,0.00,0.00,0.00,0.00,0.00,0.00,0.00,0.00,0.00,93.00,0.00,287.00,0.00,407.00,1.00,24.00,43.00,0.00,4.00,43.00,0.00,157.00,10.00,147.00,147.00,335.00,0.00,0.00,0.00,0.00,0.00,0.00,0.00,0.00,544.00,544.00,2176.00,2176.00,0.00,0.00,0.00,0.00,832.00,0.00,78.00,13.00,93.00,0.00,0.00
477,3.84,132,44,0,44,44,3664,88,0,0,0,3664,0,0.48,111.84,4.16821E+10,4.16816E+10,4577.00,0.00,2224.00,0.23324,0.00,0.00,0.00,0.00,0.00,0.00,899.00,0.10676,0.00,0.00,88.00,13.00,3.00,0.72222,0.16667,0.00,0.00,0.00,0.00,0.00,0.00,0.00,0.00,0.00,0.00,0.00,0.00,0.00,0.00,0.00,0.00,1903.00,44.00,0.00,0.00,0.00,3664.00,0.00,18.00,11.00,36.50,22.30556,0.00,0.00,0.00,0.00,0.00,0.00,0.00,0.00,0.00,0.00,0.00,0.00,0.00,0.00,0.00,0.00,0.00,0.00,0.00,0.00,109.00,0.00,3668.00,0.00,3278.00,1.00,94.00,185.00,0.00,11.00,185.00,0.00,1156.00,19.00,1137.00,1137.00,2960.00,0.00,0.00,0.00,0.00,0.00,0.00,0.00,0.00,2016.00,2016.00,7744.00,7744.00,0.00,0.00,0.00,0.00,3136.00,0.00,98.00,49.00,109.00,0.00,0.00
480,4.32,174,58,0,58,58,5903,116,0,0,0,5903,0,0.48,111.36,4.16821E+10,4.16816E+10,4448.00,0.00,1781.00,0.19219,0.00,0.00,0.00,0.00,0.00,0.00,944.00,0.10187,0.00,0.00,116.00,13.00,3.00,0.72222,0.16667,0.00,0.00,0.00,0.00,0.00,0.00,0.00,0.00,0.00,0.00,0.00,0.00,0.00,0.00,0.00,0.00,1856.00,58.00,0.00,0.00,0.00,5903.00,0.00,18.00,11.00,56.00,34.22222,0.00,0.00,0.00,0.00,0.00,0.00,0.00,0.00,0.00,0.00,0.00,0.00,0.00,0.00,0.00,0.00,0.00,0.00,0.00,0.00,186.00,0.00,5259.00,0.00,5482.00,1.00,128.00,241.00,0.00,6.00,241.00,0.00,1791.00,16.00,1775.00,1775.00,4751.00,0.00,0.00,0.00,0.00,0.00,0.00,0.00,0.00,4128.00,4128.00,10304.00,10304.00,0.00,0.00,0.00,0.00,3072.00,0.00,83.00,48.00,186.00,0.00,0.00
483,8.32,36,12,0,12,12,68134,16,0,0,0,68134,0,0.48,110.72,4.16821E+10,4.16816E+10,6465.00,0.00,1629.00,0.12095,0.00,0.00,0.00,0.00,0.00,0.00,3078.00,0.22331,0.00,0.00,17.00,13.00,3.00,0.36111,0.08333,0.00,0.00,0.00,0.00,0.00,0.00,0.00,0.00,0.00,0.00,0.00,0.00,0.00,0.00,0.00,0.00,1697.00,12.00,0.00,0.00,0.00,68134.00,0.00,18.00,11.00,611.00,373.38889,0.00,0.00,0.00,0.00,0.00,0.00,0.00,0.00,0.00,0.00,0.00,0.00,0.00,0.00,0.00,0.00,0.00,0.00,0.00,0.00,1167.00,0.00,59287.00,0.00,59667.00,1.00,2357.00,2175.00,0.00,43.00,2175.00,0.00,19703.00,174.00,19529.00,19529.00,36646.00,0.00,0.00,0.00,0.00,0.00,0.00,0.00,0.00,18080.00,18080.00,71872.00,71872.00,0.00,0.00,0.00,0.00,448.00,0.00,52.00,7.00,1167.00,0.00,0.00
486,3.36,24,8,0,8,8,106,16,0,0,0,106,0,0.48,109.60,4.16821E+10,4.16816E+10,3755.00,0.00,1681.00,0.21488,0.00,0.00,0.00,0.00,0.00,0.00,542.00,0.06934,0.00,0.00,16.00,13.00,3.00,0.36111,0.08333,0.00,0.00,0.00,0.00,0.00,0.00,0.00,0.00,0.00,0.00,0.00,0.00,0.00,0.00,0.00,0.00,1741.00,8.00,0.00,0.00,0.00,106.00,0.00,18.00,11.00,2.00,1.22222,0.00,0.00,0.00,0.00,0.00,0.00,0.00,0.00,0.00,0.00,0.00,0.00,0.00,0.00,0.00,0.00,0.00,0.00,0.00,0.00,77.00,0.00,138.00,0.00,104.00,1.00,1.00,17.00,0.00,0.00,17.00,0.00,48.00,2.00,46.00,46.00,106.00,0.00,0.00,0.00,0.00,0.00,0.00,0.00,0.00,128.00,128.00,448.00,448.00,0.00,0.00,0.00,0.00,320.00,0.00,18.00,5.00,77.00,0.00,0.00
