EID,GPUTime (レs),ExecutionDuration (レs),ExecutionStart (レs),ExecutionEnd (レs),GPUBusyCycles (cycles),TessellatorBusyCycles (cycles),VSBusyCycles (cycles),VSTime (レs),HSBusyCycles (cycles),HSTime (レs),DSBusyCycles (cycles),DSTime (レs),GSBusyCycles (cycles),GSTime (レs),PSBusyCycles (cycles),PSTime (レs),CSBusyCycles (cycles),CSTime (レs),VSVerticesIn,VSVALUInstCount,VSSALUInstCount,VSVALUBusyCycles (cycles),VSSALUBusyCycles (cycles),GSPrimsIn,GSVerticesOut,GSVALUInstCount,GSSALUInstCount,GSVALUBusyCycles (cycles),GSSALUBusyCycles (cycles),PrimitiveAssemblyBusyCycles (cycles),PrimitivesIn,CulledPrims,ClippedPrims,PAStalledOnRasterizerCycles (cycles),PSPixelsOut,PSExportStallsCycles (cycles),PSVALUInstCount,PSSALUInstCount,PSVALUBusyCycles (cycles),PSSALUBusyCycles (cycles),CSThreadGroups,CSWavefronts,CSThreads,CSThreadGroupSize,CSVALUInsts,CSSALUInsts,CSVFetchInsts,CSSFetchInsts,CSVWriteInsts,CSFlatVMemInsts,CSVALUBusyCycles (cycles),CSSALUBusyCycles (cycles),CSMemUnitBusyCycles (cycles),CSMemUnitStalledCycles (cycles),CSWriteUnitStalledCycles (cycles),CSGDSInsts,CSLDSInsts,CSFlatLDSInsts,CSALUStalledByLDSCycles (cycles),CSLDSBankConflictCycles (cycles),TexUnitBusyCycles (cycles),TexTriFilteringCount,NoTexTriFilteringCount,TexVolFilteringCount,NoTexVolFilteringCount,TexAveAnisotropy,DepthStencilTestBusyCycles (cycles),HiZTilesAcceptedCount,HiZTilesRejectedCount,PreZTilesDetailCulledCount,PreZTilesDetailSurvivingCount,HiZQuadsCulledCount,HiZQuadsAcceptedCount,PreZQuadsCulledCount,PreZQuadsSurvivingCount,PostZQuadCount,PreZSamplesPassing,PreZSamplesFailingS,PreZSamplesFailingZ,PostZSamplesPassing,PostZSamplesFailingS,PostZSamplesFailingZ,ZUnitStalledCycles (cycles),DBMemRead (bytes),DBMemWritten (bytes),CBMemRead (bytes),CBColorAndMaskRead (bytes),CBMemWritten (bytes),CBColorAndMaskWritten (bytes),CBSlowPixelCount,L0TagConflictReadStalledCycles,L0TagConflictWriteStalledCycles,L0TagConflictAtomicStalledCycles,FetchSize (bytes),WriteSize (bytes),CacheHitCount,CacheMissCount,MemUnitBusyCycles (cycles),MemUnitStalledCycles (cycles),WriteUnitStalledCycles (cycles)
30,4.32,5.12,4.97528E+10,4.97528E+10,5842.00,0.00,0.00,0.00,0.00,0.00,0.00,0.00,0.00,0.00,0.00,0.00,0.00,0.00,0.00,0.00,0.00,0.00,0.00,0.00,0.00,0.00,0.00,0.00,0.00,28.00,0.00,0.00,0.00,0.00,0.00,0.00,0.00,0.00,0.00,0.00,0.00,0.00,0.00,0.00,0.00,0.00,0.00,0.00,0.00,0.00,0.00,0.00,0.00,0.00,0.00,0.00,0.00,0.00,0.00,0.00,70.00,0.00,0.00,0.00,0.00,0.00,0.00,0.00,0.00,0.00,0.00,0.00,0.00,0.00,0.00,0.00,0.00,0.00,0.00,0.00,0.00,0.00,0.00,0.00,0.00,0.00,0.00,0.00,0.00,0.00,0.00,0.00,0.00,0.00,0.00,0.00,0.00,70.00,3.00,0.00
31,81.12,81.44,4.97528E+10,4.97528E+10,104267.00,0.00,0.00,0.00,0.00,0.00,0.00,0.00,0.00,0.00,0.00,0.00,0.00,0.00,0.00,0.00,0.00,0.00,0.00,0.00,0.00,0.00,0.00,0.00,0.00,17.00,0.00,0.00,0.00,0.00,1205424.00,26819.00,0.00,0.00,0.00,0.00,0.00,0.00,0.00,0.00,0.00,0.00,0.00,0.00,0.00,0.00,0.00,0.00,0.00,0.00,0.00,0.00,0.00,0.00,0.00,0.00,0.00,0.00,0.00,0.00,0.00,0.00,6466.00,106.00,0.00,0.00,106.00,0.00,301752.00,0.00,301752.00,301752.00,560.00,0.00,0.00,0.00,0.00,0.00,0.00,0.00,0.00,0.00,79872.00,7221888.00,7278208.00,301752.00,0.00,0.00,0.00,0.00,0.00,0.00,0.00,0.00,0.00,0.00
32,80.00,160.00,4.97528E+10,4.97528E+10,105556.00,0.00,0.00,0.00,0.00,0.00,0.00,0.00,0.00,0.00,0.00,0.00,0.00,0.00,0.00,0.00,0.00,0.00,0.00,0.00,0.00,0.00,0.00,0.00,0.00,17.00,0.00,0.00,0.00,0.00,1205424.00,25773.00,0.00,0.00,0.00,0.00,0.00,0.00,0.00,0.00,0.00,0.00,0.00,0.00,0.00,0.00,0.00,0.00,0.00,0.00,0.00,0.00,0.00,0.00,0.00,0.00,0.00,0.00,0.00,0.00,0.00,0.00,6242.00,106.00,0.00,0.00,106.00,0.00,301752.00,0.00,301752.00,301752.00,560.00,0.00,0.00,0.00,0.00,0.00,72.00,0.00,0.00,0.00,79872.00,7248384.00,7328256.00,301752.00,0.00,0.00,0.00,0.00,0.00,0.00,0.00,0.00,0.00,0.00
33,79.84,238.88,4.97528E+10,4.97528E+10,104833.00,0.00,0.00,0.00,0.00,0.00,0.00,0.00,0.00,0.00,0.00,0.00,0.00,0.00,0.00,0.00,0.00,0.00,0.00,0.00,0.00,0.00,0.00,0.00,0.00,17.00,0.00,0.00,0.00,0.00,1205424.00,27342.00,0.00,0.00,0.00,0.00,0.00,0.00,0.00,0.00,0.00,0.00,0.00,0.00,0.00,0.00,0.00,0.00,0.00,0.00,0.00,0.00,0.00,0.00,0.00,0.00,0.00,0.00,0.00,0.00,0.00,0.00,6314.00,106.00,0.00,0.00,106.00,0.00,301752.00,0.00,301752.00,301752.00,560.00,0.00,0.00,0.00,0.00,0.00,262.00,0.00,0.00,0.00,79872.00,7248384.00,7328256.00,301752.00,0.00,0.00,0.00,0.00,0.00,0.00,0.00,0.00,0.00,0.00
34,79.68,316.80,4.97528E+10,4.97528E+10,104123.00,0.00,0.00,0.00,0.00,0.00,0.00,0.00,0.00,0.00,0.00,0.00,0.00,0.00,0.00,0.00,0.00,0.00,0.00,0.00,0.00,0.00,0.00,0.00,0.00,17.00,0.00,0.00,0.00,0.00,1205424.00,26003.00,0.00,0.00,0.00,0.00,0.00,0.00,0.00,0.00,0.00,0.00,0.00,0.00,0.00,0.00,0.00,0.00,0.00,0.00,0.00,0.00,0.00,0.00,0.00,0.00,0.00,0.00,0.00,0.00,0.00,0.00,6150.00,106.00,0.00,0.00,106.00,0.00,301752.00,0.00,301752.00,301752.00,560.00,0.00,0.00,0.00,0.00,0.00,144.00,0.00,0.00,0.00,79872.00,7248384.00,7328256.00,301752.00,0.00,0.00,0.00,0.00,0.00,0.00,0.00,0.00,0.00,0.00
35,77.76,394.56,4.97528E+10,4.97528E+10,103838.00,0.00,0.00,0.00,0.00,0.00,0.00,0.00,0.00,0.00,0.00,0.00,0.00,0.00,0.00,0.00,0.00,0.00,0.00,0.00,0.00,0.00,0.00,0.00,0.00,17.00,0.00,0.00,0.00,0.00,1205424.00,26196.00,0.00,0.00,0.00,0.00,0.00,0.00,0.00,0.00,0.00,0.00,0.00,0.00,0.00,0.00,0.00,0.00,0.00,0.00,0.00,0.00,0.00,0.00,0.00,0.00,0.00,0.00,0.00,0.00,0.00,0.00,6434.00,106.00,0.00,0.00,106.00,0.00,301752.00,0.00,301752.00,301752.00,560.00,0.00,0.00,0.00,0.00,0.00,0.00,0.00,0.00,0.00,79872.00,7248384.00,7328256.00,301752.00,0.00,0.00,0.00,0.00,0.00,0.00,0.00,0.00,0.00,0.00
37,79.52,82.88,4.97528E+10,4.97528E+10,104698.00,0.00,0.00,0.00,0.00,0.00,0.00,0.00,0.00,0.00,0.00,0.00,0.00,0.00,0.00,0.00,0.00,0.00,0.00,0.00,0.00,0.00,0.00,0.00,0.00,17.00,0.00,0.00,0.00,0.00,1205424.00,27468.00,0.00,0.00,0.00,0.00,0.00,0.00,0.00,0.00,0.00,0.00,0.00,0.00,0.00,0.00,0.00,0.00,0.00,0.00,0.00,0.00,0.00,0.00,0.00,0.00,0.00,0.00,0.00,0.00,0.00,0.00,6320.00,106.00,0.00,0.00,106.00,0.00,301752.00,0.00,301752.00,301752.00,560.00,0.00,0.00,0.00,0.00,0.00,0.00,0.00,0.00,0.00,79872.00,7248384.00,7328256.00,301752.00,0.00,0.00,0.00,0.00,0.00,0.00,0.00,0.00,0.00,0.00
39,80.00,82.08,4.97528E+10,4.97528E+10,104840.00,0.00,0.00,0.00,0.00,0.00,0.00,0.00,0.00,0.00,0.00,0.00,0.00,0.00,0.00,0.00,0.00,0.00,0.00,0.00,0.00,0.00,0.00,0.00,0.00,17.00,0.00,0.00,0.00,0.00,1205424.00,25505.00,0.00,0.00,0.00,0.00,0.00,0.00,0.00,0.00,0.00,0.00,0.00,0.00,0.00,0.00,0.00,0.00,0.00,0.00,0.00,0.00,0.00,0.00,0.00,0.00,0.00,0.00,0.00,0.00,0.00,0.00,6278.00,106.00,0.00,0.00,106.00,0.00,301752.00,0.00,301752.00,301752.00,560.00,0.00,0.00,0.00,0.00,0.00,24.00,0.00,0.00,0.00,79872.00,7248384.00,7328256.00,301752.00,0.00,0.00,0.00,0.00,0.00,0.00,0.00,0.00,0.00,0.00
41,79.04,81.44,4.97528E+10,4.97528E+10,103832.00,0.00,0.00,0.00,0.00,0.00,0.00,0.00,0.00,0.00,0.00,0.00,0.00,0.00,0.00,0.00,0.00,0.00,0.00,0.00,0.00,0.00,0.00,0.00,0.00,17.00,0.00,0.00,0.00,0.00,1205424.00,26063.00,0.00,0.00,0.00,0.00,0.00,0.00,0.00,0.00,0.00,0.00,0.00,0.00,0.00,0.00,0.00,0.00,0.00,0.00,0.00,0.00,0.00,0.00,0.00,0.00,0.00,0.00,0.00,0.00,0.00,0.00,6226.00,106.00,0.00,0.00,106.00,0.00,301752.00,0.00,301752.00,301752.00,560.00,0.00,0.00,0.00,0.00,0.00,58.00,0.00,0.00,0.00,79872.00,7248384.00,7328256.00,301752.00,0.00,0.00,0.00,0.00,0.00,0.00,0.00,0.00,0.00,0.00
43,79.52,81.28,4.97528E+10,4.97528E+10,104119.00,0.00,0.00,0.00,0.00,0.00,0.00,0.00,0.00,0.00,0.00,0.00,0.00,0.00,0.00,0.00,0.00,0.00,0.00,0.00,0.00,0.00,0.00,0.00,0.00,17.00,0.00,0.00,0.00,0.00,1205424.00,25640.00,0.00,0.00,0.00,0.00,0.00,0.00,0.00,0.00,0.00,0.00,0.00,0.00,0.00,0.00,0.00,0.00,0.00,0.00,0.00,0.00,0.00,0.00,0.00,0.00,0.00,0.00,0.00,0.00,0.00,0.00,6378.00,106.00,0.00,0.00,106.00,0.00,301752.00,0.00,301752.00,301752.00,560.00,0.00,0.00,0.00,0.00,0.00,0.00,0.00,0.00,0.00,79872.00,7248384.00,7328256.00,301752.00,0.00,0.00,0.00,0.00,0.00,0.00,0.00,0.00,0.00,0.00
45,78.88,81.28,4.97528E+10,4.97528E+10,103694.00,0.00,0.00,0.00,0.00,0.00,0.00,0.00,0.00,0.00,0.00,0.00,0.00,0.00,0.00,0.00,0.00,0.00,0.00,0.00,0.00,0.00,0.00,0.00,0.00,17.00,0.00,0.00,0.00,0.00,1205424.00,25305.00,0.00,0.00,0.00,0.00,0.00,0.00,0.00,0.00,0.00,0.00,0.00,0.00,0.00,0.00,0.00,0.00,0.00,0.00,0.00,0.00,0.00,0.00,0.00,0.00,0.00,0.00,0.00,0.00,0.00,0.00,6388.00,106.00,0.00,0.00,106.00,0.00,301752.00,0.00,301752.00,301752.00,560.00,0.00,0.00,0.00,0.00,0.00,132.00,0.00,0.00,0.00,79872.00,7248384.00,7328256.00,301752.00,0.00,0.00,0.00,0.00,0.00,0.00,0.00,0.00,0.00,0.00
47,79.20,81.44,4.97528E+10,4.97528E+10,103267.00,0.00,0.00,0.00,0.00,0.00,0.00,0.00,0.00,0.00,0.00,0.00,0.00,0.00,0.00,0.00,0.00,0.00,0.00,0.00,0.00,0.00,0.00,0.00,0.00,17.00,0.00,0.00,0.00,0.00,1205424.00,24869.00,0.00,0.00,0.00,0.00,0.00,0.00,0.00,0.00,0.00,0.00,0.00,0.00,0.00,0.00,0.00,0.00,0.00,0.00,0.00,0.00,0.00,0.00,0.00,0.00,0.00,0.00,0.00,0.00,0.00,0.00,5962.00,106.00,0.00,0.00,106.00,0.00,301752.00,0.00,301752.00,301752.00,560.00,0.00,0.00,0.00,0.00,0.00,28.00,0.00,0.00,0.00,79872.00,7248384.00,7328256.00,301752.00,0.00,0.00,0.00,0.00,0.00,0.00,0.00,0.00,0.00,0.00
49,79.52,82.08,4.97528E+10,4.97528E+10,105983.00,0.00,0.00,0.00,0.00,0.00,0.00,0.00,0.00,0.00,0.00,0.00,0.00,0.00,0.00,0.00,0.00,0.00,0.00,0.00,0.00,0.00,0.00,0.00,0.00,17.00,0.00,0.00,0.00,0.00,1205424.00,26366.00,0.00,0.00,0.00,0.00,0.00,0.00,0.00,0.00,0.00,0.00,0.00,0.00,0.00,0.00,0.00,0.00,0.00,0.00,0.00,0.00,0.00,0.00,0.00,0.00,0.00,0.00,0.00,0.00,0.00,0.00,6118.00,106.00,0.00,0.00,106.00,0.00,301752.00,0.00,301752.00,301752.00,560.00,0.00,0.00,0.00,0.00,0.00,26.00,0.00,0.00,0.00,79872.00,7248384.00,7328256.00,301752.00,0.00,0.00,0.00,0.00,0.00,0.00,0.00,0.00,0.00,0.00
51,79.04,81.76,4.97528E+10,4.97528E+10,103691.00,0.00,0.00,0.00,0.00,0.00,0.00,0.00,0.00,0.00,0.00,0.00,0.00,0.00,0.00,0.00,0.00,0.00,0.00,0.00,0.00,0.00,0.00,0.00,0.00,17.00,0.00,0.00,0.00,0.00,1205424.00,25346.00,0.00,0.00,0.00,0.00,0.00,0.00,0.00,0.00,0.00,0.00,0.00,0.00,0.00,0.00,0.00,0.00,0.00,0.00,0.00,0.00,0.00,0.00,0.00,0.00,0.00,0.00,0.00,0.00,0.00,0.00,6394.00,106.00,0.00,0.00,106.00,0.00,301752.00,0.00,301752.00,301752.00,560.00,0.00,0.00,0.00,0.00,0.00,0.00,0.00,0.00,0.00,79872.00,7248384.00,7328256.00,301752.00,0.00,0.00,0.00,0.00,0.00,0.00,0.00,0.00,0.00,0.00
52,4.16,85.12,4.97528E+10,4.97528E+10,10405.00,0.00,0.00,0.00,0.00,0.00,0.00,0.00,0.00,0.00,0.00,0.00,0.00,0.00,0.00,0.00,0.00,0.00,0.00,0.00,0.00,0.00,0.00,0.00,0.00,17.00,0.00,0.00,0.00,0.00,0.00,0.00,0.00,0.00,0.00,0.00,0.00,0.00,0.00,0.00,0.00,0.00,0.00,0.00,0.00,0.00,0.00,0.00,0.00,0.00,0.00,0.00,0.00,0.00,0.00,0.00,0.00,0.00,0.00,0.00,0.00,0.00,1063.00,0.00,185.00,0.00,39.00,300960.00,792.00,792.00,0.00,0.00,0.00,0.00,0.00,48.00,0.00,0.00,0.00,13440.00,10688.00,0.00,0.00,0.00,0.00,0.00,0.00,0.00,0.00,0.00,0.00,0.00,0.00,0.00,0.00,0.00
53,5.44,88.80,4.97528E+10,4.97528E+10,9010.00,0.00,0.00,0.00,0.00,0.00,0.00,0.00,0.00,0.00,0.00,0.00,0.00,0.00,0.00,0.00,0.00,0.00,0.00,0.00,0.00,0.00,0.00,0.00,0.00,17.00,0.00,0.00,0.00,0.00,0.00,0.00,0.00,0.00,0.00,0.00,0.00,0.00,0.00,0.00,0.00,0.00,0.00,0.00,0.00,0.00,0.00,0.00,0.00,0.00,0.00,0.00,0.00,0.00,0.00,0.00,0.00,0.00,0.00,0.00,0.00,0.00,1054.00,0.00,159.00,0.00,20.00,300960.00,792.00,792.00,0.00,0.00,0.00,0.00,0.00,48.00,0.00,0.00,0.00,13440.00,66112.00,0.00,0.00,0.00,0.00,0.00,0.00,0.00,0.00,0.00,0.00,0.00,0.00,0.00,0.00,0.00
230,174.08,173.76,4.97528E+10,4.97528E+10,216425.00,0.00,4061.00,3.25206,0.00,0.00,0.00,0.00,0.00,0.00,209388.00,167.1578,0.00,0.00,9.00,26.00,4.00,0.72222,0.11111,0.00,0.00,0.00,0.00,0.00,0.00,4668.00,12.00,5.00,5.00,0.00,1205424.00,124821.00,13.00,9.00,8423.11111,4738.00,0.00,0.00,0.00,0.00,0.00,0.00,0.00,0.00,0.00,0.00,0.00,0.00,0.00,0.00,0.00,0.00,0.00,0.00,0.00,0.00,61235.00,0.00,1054682.00,0.00,1054869.00,1.00,200348.00,19526.00,0.00,5.00,19526.00,0.00,303233.00,6.00,303227.00,303227.00,32560.00,0.00,0.00,0.00,0.00,0.00,129187.00,0.00,0.00,101760.00,197504.00,1.93041E+07,1.93791E+07,303227.00,256.00,0.00,0.00,8956416.00,0.00,162902.00,139931.00,61235.00,0.00,0.00
251,868.64,1041.12,4.97528E+10,4.97528E+10,1126872.00,0.00,7521.00,5.78251,0.00,0.00,0.00,0.00,0.00,0.00,1112165.00,858.7794,0.00,0.00,6.00,110.00,11.00,3.38889,0.30556,0.00,0.00,0.00,0.00,0.00,0.00,7744.00,2.00,0.00,2.00,0.00,6960720.00,623168.00,136.00,24.00,59638.19444,9116.66667,0.00,0.00,0.00,0.00,0.00,0.00,0.00,0.00,0.00,0.00,0.00,0.00,0.00,0.00,0.00,0.00,0.00,0.00,0.00,0.00,75643.00,0.00,2297040.00,0.00,2298000.00,1.00,27367.00,14268.00,0.00,0.00,14268.00,0.00,218780.00,2.00,218778.00,218778.00,0.00,0.00,0.00,870090.00,0.00,0.00,653680.00,166656.00,943232.00,1155520.00,1863104.00,1.03217E+08,1.04883E+08,1750224.00,6736.00,0.00,0.00,2.36536E+07,0.00,282848.00,369616.00,75643.00,0.00,0.00
275,3127.20,3122.72,4.97528E+10,4.97528E+10,4017427.00,0.00,3212.00,2.49697,0.00,0.00,0.00,0.00,0.00,0.00,4016039.00,3123.18485,0.00,0.00,4.00,2.00,2.00,0.05556,0.05556,0.00,0.00,0.00,0.00,0.00,0.00,3424.00,2.00,0.00,0.00,0.00,1205424.00,1111.00,2412.00,24.00,1472702.91667,12600.66667,0.00,0.00,0.00,0.00,0.00,0.00,0.00,0.00,0.00,0.00,0.00,0.00,0.00,0.00,0.00,0.00,0.00,0.00,0.00,0.00,4008998.00,0.00,7.19683E+07,0.00,7.19465E+07,1.00,3789022.00,19266.00,0.00,0.00,19266.00,0.00,302338.00,0.00,302338.00,302338.00,18032.00,0.00,0.00,0.00,0.00,0.00,1225.00,0.00,0.00,254112.00,344352.00,1.92465E+07,1.93119E+07,302338.00,1456440.00,0.00,0.00,3.36804E+07,0.00,2.02357E+07,526249.00,4008998.00,0.00,0.00
282,510.88,508.16,4.97528E+10,4.97528E+10,654476.00,0.00,2625.00,2.04552,0.00,0.00,0.00,0.00,0.00,0.00,648578.00,506.65074,0.00,0.00,4.00,2.00,2.00,0.05556,0.05556,0.00,0.00,0.00,0.00,0.00,0.00,2763.00,2.00,0.00,0.00,0.00,2410848.00,1125.00,47.00,37.00,27820.58333,19421.91667,0.00,0.00,0.00,0.00,0.00,0.00,0.00,0.00,0.00,0.00,0.00,0.00,0.00,0.00,0.00,0.00,0.00,0.00,0.00,0.00,647178.00,0.00,1.79370E+07,0.00,1.79299E+07,1.00,603411.00,19266.00,0.00,0.00,19266.00,0.00,302338.00,0.00,302338.00,302338.00,18032.00,0.00,0.00,0.00,0.00,0.00,2918.00,0.00,0.00,680960.00,861696.00,3.85646E+07,3.87191E+07,604676.00,656.00,0.00,0.00,1.98008E+07,0.00,408954.00,309395.00,647178.00,0.00,0.00
309,1340.00,1332.64,4.97528E+10,4.97528E+10,1719410.00,0.00,2872.00,2.24739,0.00,0.00,0.00,0.00,0.00,0.00,1708318.00,1336.15575,0.00,0.00,4.00,2.00,2.00,0.05556,0.05556,0.00,0.00,0.00,0.00,0.00,0.00,2691.00,2.00,0.00,0.00,0.00,1205424.00,5137.00,94.38943,32.73181,54585.33333,17181.47222,0.00,0.00,0.00,0.00,0.00,0.00,0.00,0.00,0.00,0.00,0.00,0.00,0.00,0.00,0.00,0.00,0.00,0.00,0.00,0.00,1711767.00,0.00,8633321.00,0.00,8638379.00,1.00,1656475.00,19266.00,0.00,0.00,19266.00,0.00,302338.00,0.00,302338.00,302338.00,18032.00,0.00,0.00,0.00,0.00,0.00,5735.00,0.00,0.00,342624.00,432864.00,1.92495E+07,1.93150E+07,302338.00,175884.00,0.00,0.00,2.07656E+08,0.00,3318499.00,3244394.00,1711767.00,0.00,0.00
319,61.60,1392.80,4.97528E+10,4.97528E+10,88902.00,0.00,3367.00,2.3558,0.00,0.00,0.00,0.00,0.00,0.00,81360.00,57.09864,0.00,0.00,6.00,49.00,4.00,1.36111,0.11111,0.00,0.00,0.00,0.00,0.00,0.00,3873.00,2.00,0.00,2.00,0.00,873554.00,2054.00,9.00,11.00,3432.50,4195.27778,0.00,0.00,0.00,0.00,0.00,0.00,0.00,0.00,0.00,0.00,0.00,0.00,0.00,0.00,0.00,0.00,0.00,0.00,0.00,0.00,71914.00,0.00,768460.00,0.00,769100.00,1.00,30354.00,14283.00,0.00,0.00,14283.00,0.00,219650.00,2.00,219648.00,219648.00,0.00,0.00,0.00,3464.00,870090.00,0.00,0.00,1065056.00,14080.00,0.00,8704.00,92224.00,100928.00,973.00,5104.00,0.00,0.00,8187136.00,0.00,131791.00,127905.00,71914.00,0.00,0.00
331,218.08,214.72,4.97528E+10,4.97528E+10,269785.00,0.00,2674.00,2.1278,0.00,0.00,0.00,0.00,0.00,0.00,265695.00,212.57939,0.00,0.00,4.00,2.00,2.00,0.05556,0.05556,0.00,0.00,0.00,0.00,0.00,0.00,2711.00,2.00,0.00,0.00,0.00,1205424.00,183921.00,26.00,12.00,27820.58333,6299.00,0.00,0.00,0.00,0.00,0.00,0.00,0.00,0.00,0.00,0.00,0.00,0.00,0.00,0.00,0.00,0.00,0.00,0.00,0.00,0.00,74769.00,0.00,1055228.00,0.00,1055189.00,1.00,253559.00,19266.00,0.00,0.00,19266.00,0.00,302338.00,0.00,302338.00,302338.00,18032.00,0.00,0.00,0.00,0.00,0.00,187128.00,0.00,0.00,50112.00,140352.00,1.92495E+07,1.93150E+07,302338.00,0.00,0.00,0.00,1.94246E+07,0.00,258.00,303510.00,74769.00,0.00,0.00
344,35.84,36.48,4.97528E+10,4.97528E+10,47174.00,0.00,3336.00,2.53466,0.00,0.00,0.00,0.00,0.00,0.00,41652.00,31.11118,0.00,0.00,4.00,13.00,3.00,0.36111,0.08333,0.00,0.00,0.00,0.00,0.00,0.00,3455.00,2.00,0.00,0.00,0.00,1175328.00,3115.00,18.00,11.00,9226.50,5638.41667,0.00,0.00,0.00,0.00,0.00,0.00,0.00,0.00,0.00,0.00,0.00,0.00,0.00,0.00,0.00,0.00,0.00,0.00,0.00,0.00,17828.00,0.00,1029413.00,0.00,1029626.00,1.00,38850.00,18868.00,0.00,0.00,18868.00,0.00,295206.00,0.00,295206.00,295206.00,25696.00,0.00,0.00,0.00,0.00,0.00,3314.00,0.00,0.00,7712.00,29216.00,594720.00,594720.00,0.00,0.00,0.00,0.00,896.00,0.00,86.00,14.00,17828.00,0.00,0.00
347,33.12,69.12,4.97528E+10,4.97528E+10,45135.00,0.00,3242.00,2.36712,0.00,0.00,0.00,0.00,0.00,0.00,40474.00,29.72743,0.00,0.00,783.00,13.00,3.00,5.05556,1.16667,0.00,0.00,0.00,0.00,0.00,0.00,3243.00,611.00,0.00,0.00,0.00,1215031.00,773.00,18.00,11.00,9838.00,6012.11111,0.00,0.00,0.00,0.00,0.00,0.00,0.00,0.00,0.00,0.00,0.00,0.00,0.00,0.00,0.00,0.00,0.00,0.00,0.00,0.00,16943.00,0.00,1064711.00,0.00,1064151.00,1.00,39590.00,24908.00,0.00,732.00,24908.00,0.00,317574.00,2784.00,314790.00,314790.00,150647.00,0.00,0.00,0.00,0.00,0.00,1116.00,0.00,0.00,122144.00,122144.00,705248.00,705248.00,0.00,2.00,0.00,0.00,24960.00,0.00,455.00,390.00,16943.00,0.00,0.00
350,1.76,71.04,4.97528E+10,4.97528E+10,10536.00,0.00,1435.00,0.25294,0.00,0.00,0.00,0.00,0.00,0.00,7064.00,1.22816,0.00,0.00,4.00,13.00,3.00,0.36111,0.08333,0.00,0.00,0.00,0.00,0.00,0.00,1468.00,2.00,0.00,0.00,0.00,16256.00,0.00,18.00,11.00,133.00,81.27778,0.00,0.00,0.00,0.00,0.00,0.00,0.00,0.00,0.00,0.00,0.00,0.00,0.00,0.00,0.00,0.00,0.00,0.00,0.00,0.00,5697.00,0.00,14291.00,0.00,14278.00,1.00,330.00,304.00,0.00,0.00,304.00,0.00,4224.00,1.00,4223.00,4223.00,3712.00,0.00,0.00,0.00,0.00,0.00,0.00,0.00,0.00,3584.00,3584.00,16000.00,16000.00,0.00,76.00,0.00,0.00,780608.00,0.00,2692.00,12197.00,5697.00,0.00,0.00
353,0.32,70.88,4.97528E+10,4.97528E+10,4086.00,0.00,1722.00,0.13211,0.00,0.00,0.00,0.00,0.00,0.00,888.00,0.07055,0.00,0.00,140.00,13.00,3.00,1.08333,0.25,0.00,0.00,0.00,0.00,0.00,0.00,1849.00,70.00,0.00,0.00,0.00,1100.00,0.00,18.00,11.00,15.50,9.47222,0.00,0.00,0.00,0.00,0.00,0.00,0.00,0.00,0.00,0.00,0.00,0.00,0.00,0.00,0.00,0.00,0.00,0.00,0.00,0.00,174.00,0.00,1380.00,0.00,1240.00,1.00,97.00,155.00,0.00,2.00,155.00,0.00,486.00,21.00,465.00,465.00,1100.00,0.00,0.00,0.00,0.00,0.00,0.00,0.00,0.00,1568.00,1568.00,2496.00,2496.00,0.00,0.00,0.00,0.00,5056.00,0.00,213.00,79.00,174.00,0.00,0.00
356,0.64,71.68,4.97528E+10,4.97528E+10,5403.00,0.00,1373.00,0.1589,0.00,0.00,0.00,0.00,0.00,0.00,2548.00,0.29489,0.00,0.00,4.00,13.00,3.00,0.36111,0.08333,0.00,0.00,0.00,0.00,0.00,0.00,1471.00,2.00,0.00,0.00,0.00,16256.00,0.00,18.00,11.00,133.00,81.27778,0.00,0.00,0.00,0.00,0.00,0.00,0.00,0.00,0.00,0.00,0.00,0.00,0.00,0.00,0.00,0.00,0.00,0.00,0.00,0.00,1547.00,0.00,14233.00,0.00,14042.00,1.00,306.00,304.00,0.00,1.00,304.00,0.00,4224.00,1.00,4223.00,4223.00,3712.00,0.00,0.00,0.00,0.00,0.00,0.00,0.00,0.00,4000.00,4000.00,10496.00,10496.00,0.00,70.00,0.00,0.00,192.00,0.00,15084.00,3.00,1547.00,0.00,0.00
359,0.32,71.52,4.97528E+10,4.97528E+10,3899.00,0.00,1476.00,0.12552,0.00,0.00,0.00,0.00,0.00,0.00,704.00,0.05984,0.00,0.00,36.00,13.00,3.00,0.36111,0.08333,0.00,0.00,0.00,0.00,0.00,0.00,1536.00,18.00,0.00,0.00,0.00,270.00,0.00,18.00,11.00,4.50,2.75,0.00,0.00,0.00,0.00,0.00,0.00,0.00,0.00,0.00,0.00,0.00,0.00,0.00,0.00,0.00,0.00,0.00,0.00,0.00,0.00,77.00,0.00,182.00,0.00,208.00,1.00,22.00,43.00,0.00,0.00,43.00,0.00,110.00,1.00,109.00,109.00,270.00,0.00,0.00,0.00,0.00,0.00,0.00,0.00,0.00,576.00,576.00,928.00,928.00,0.00,0.00,0.00,0.00,1024.00,0.00,61.00,16.00,77.00,0.00,0.00
362,1.12,72.32,4.97528E+10,4.97528E+10,5797.00,0.00,1599.00,0.30867,0.00,0.00,0.00,0.00,0.00,0.00,2552.00,0.51686,0.00,0.00,4.00,13.00,3.00,0.36111,0.08333,0.00,0.00,0.00,0.00,0.00,0.00,1647.00,2.00,0.00,0.00,0.00,16256.00,0.00,18.00,11.00,133.00,81.27778,0.00,0.00,0.00,0.00,0.00,0.00,0.00,0.00,0.00,0.00,0.00,0.00,0.00,0.00,0.00,0.00,0.00,0.00,0.00,0.00,1649.00,0.00,14197.00,0.00,14165.00,1.00,272.00,304.00,0.00,0.00,304.00,0.00,4224.00,1.00,4223.00,4223.00,3712.00,0.00,0.00,0.00,0.00,0.00,0.00,0.00,0.00,3712.00,3712.00,10528.00,10528.00,0.00,75.00,0.00,0.00,192.00,0.00,14973.00,3.00,1649.00,0.00,0.00
365,1.12,72.48,4.97528E+10,4.97528E+10,4035.00,0.00,1700.00,0.47199,0.00,0.00,0.00,0.00,0.00,0.00,773.00,0.22182,0.00,0.00,60.00,13.00,3.00,0.36111,0.08333,0.00,0.00,0.00,0.00,0.00,0.00,1772.00,30.00,0.00,0.00,0.00,469.00,0.00,18.00,11.00,7.50,4.58333,0.00,0.00,0.00,0.00,0.00,0.00,0.00,0.00,0.00,0.00,0.00,0.00,0.00,0.00,0.00,0.00,0.00,0.00,0.00,0.00,109.00,0.00,391.00,0.00,589.00,1.00,30.00,74.00,0.00,1.00,74.00,0.00,192.00,1.00,191.00,191.00,469.00,0.00,0.00,0.00,0.00,0.00,0.00,0.00,0.00,832.00,832.00,1120.00,1120.00,0.00,0.00,0.00,0.00,1536.00,0.00,126.00,24.00,109.00,0.00,0.00
368,0.96,73.76,4.97528E+10,4.97528E+10,5801.00,0.00,1546.00,0.25593,0.00,0.00,0.00,0.00,0.00,0.00,2558.00,0.44455,0.00,0.00,4.00,13.00,3.00,0.36111,0.08333,0.00,0.00,0.00,0.00,0.00,0.00,1570.00,2.00,0.00,0.00,0.00,16256.00,0.00,18.00,11.00,133.00,81.27778,0.00,0.00,0.00,0.00,0.00,0.00,0.00,0.00,0.00,0.00,0.00,0.00,0.00,0.00,0.00,0.00,0.00,0.00,0.00,0.00,1600.00,0.00,14270.00,0.00,14264.00,1.00,355.00,304.00,0.00,1.00,304.00,0.00,4224.00,1.00,4223.00,4223.00,3712.00,0.00,0.00,0.00,0.00,0.00,0.00,0.00,0.00,3840.00,3840.00,10336.00,10336.00,0.00,75.00,0.00,0.00,128.00,0.00,15096.00,2.00,1600.00,0.00,0.00
371,0.80,74.24,4.97528E+10,4.97528E+10,3895.00,0.00,1736.00,0.34419,0.00,0.00,0.00,0.00,0.00,0.00,589.00,0.12515,0.00,0.00,64.00,13.00,3.00,0.36111,0.08333,0.00,0.00,0.00,0.00,0.00,0.00,1903.00,32.00,0.00,0.00,0.00,499.00,0.00,18.00,11.00,7.50,4.58333,0.00,0.00,0.00,0.00,0.00,0.00,0.00,0.00,0.00,0.00,0.00,0.00,0.00,0.00,0.00,0.00,0.00,0.00,0.00,0.00,109.00,0.00,580.00,0.00,499.00,1.00,41.00,82.00,0.00,0.00,82.00,0.00,205.00,4.00,201.00,201.00,499.00,0.00,0.00,0.00,0.00,0.00,0.00,0.00,0.00,928.00,928.00,1344.00,1344.00,0.00,0.00,0.00,0.00,1344.00,0.00,143.00,21.00,109.00,0.00,0.00
374,101.60,177.60,4.97528E+10,4.97528E+10,140272.00,0.00,1564.00,1.11245,0.00,0.00,0.00,0.00,0.00,0.00,137395.00,99.33064,0.00,0.00,4.00,13.00,3.00,0.36111,0.08333,0.00,0.00,0.00,0.00,0.00,0.00,1620.00,2.00,0.00,0.00,0.00,562836.00,0.00,18.00,11.00,4418.50,2700.19444,0.00,0.00,0.00,0.00,0.00,0.00,0.00,0.00,0.00,0.00,0.00,0.00,0.00,0.00,0.00,0.00,0.00,0.00,0.00,0.00,135224.00,0.00,491920.00,0.00,492162.00,1.00,120910.00,9214.00,0.00,0.00,9214.00,0.00,141363.00,0.00,141363.00,141363.00,20244.00,0.00,0.00,0.00,0.00,0.00,633.00,0.00,0.00,66656.00,66656.00,1093504.00,1093504.00,0.00,9220.00,0.00,0.00,1.88051E+07,0.00,86562.00,293822.00,135224.00,0.00,0.00
377,0.16,177.28,4.97528E+10,4.97528E+10,4317.00,0.00,1853.00,0.06643,0.00,0.00,0.00,0.00,0.00,0.00,956.00,0.03543,0.00,0.00,100.00,13.00,3.00,0.72222,0.16667,0.00,0.00,0.00,0.00,0.00,0.00,2015.00,58.00,0.00,0.00,0.00,2304.00,0.00,18.00,11.00,25.50,15.58333,0.00,0.00,0.00,0.00,0.00,0.00,0.00,0.00,0.00,0.00,0.00,0.00,0.00,0.00,0.00,0.00,0.00,0.00,0.00,0.00,109.00,0.00,2272.00,0.00,2142.00,1.00,84.00,182.00,0.00,10.00,182.00,0.00,808.00,30.00,778.00,778.00,1920.00,0.00,0.00,0.00,0.00,0.00,0.00,0.00,0.00,1952.00,1952.00,7200.00,7200.00,0.00,0.00,0.00,0.00,4672.00,0.00,105.00,73.00,109.00,0.00,0.00
380,0.16,145.92,4.97528E+10,4.97528E+10,3769.00,0.00,1807.00,0.0741,0.00,0.00,0.00,0.00,0.00,0.00,535.00,0.02444,0.00,0.00,20.00,13.00,3.00,0.36111,0.08333,0.00,0.00,0.00,0.00,0.00,0.00,1694.00,10.00,0.00,0.00,0.00,148.00,0.00,18.00,11.00,2.50,1.52778,0.00,0.00,0.00,0.00,0.00,0.00,0.00,0.00,0.00,0.00,0.00,0.00,0.00,0.00,0.00,0.00,0.00,0.00,0.00,0.00,77.00,0.00,188.00,0.00,160.00,1.00,3.00,20.00,0.00,0.00,20.00,0.00,64.00,2.00,62.00,62.00,148.00,0.00,0.00,0.00,0.00,0.00,0.00,0.00,0.00,224.00,224.00,832.00,832.00,0.00,0.00,0.00,0.00,384.00,0.00,29.00,6.00,77.00,0.00,0.00
383,0.32,112.80,4.97528E+10,4.97528E+10,4017.00,0.00,1617.00,0.12856,0.00,0.00,0.00,0.00,0.00,0.00,735.00,0.06274,0.00,0.00,20.00,13.00,3.00,0.36111,0.08333,0.00,0.00,0.00,0.00,0.00,0.00,1690.00,10.00,0.00,0.00,0.00,138.00,0.00,18.00,11.00,3.00,1.83333,0.00,0.00,0.00,0.00,0.00,0.00,0.00,0.00,0.00,0.00,0.00,0.00,0.00,0.00,0.00,0.00,0.00,0.00,0.00,0.00,77.00,0.00,178.00,0.00,148.00,1.00,1.00,18.00,0.00,1.00,18.00,0.00,73.00,6.00,67.00,67.00,138.00,0.00,0.00,0.00,0.00,0.00,0.00,0.00,0.00,224.00,224.00,768.00,768.00,0.00,0.00,0.00,0.00,896.00,0.00,26.00,14.00,77.00,0.00,0.00
386,0.16,110.56,4.97528E+10,4.97528E+10,4297.00,0.00,1824.00,0.06795,0.00,0.00,0.00,0.00,0.00,0.00,867.00,0.03136,0.00,0.00,96.00,13.00,3.00,0.72222,0.16667,0.00,0.00,0.00,0.00,0.00,0.00,1942.00,48.00,0.00,0.00,0.00,4571.00,0.00,18.00,11.00,44.00,26.88889,0.00,0.00,0.00,0.00,0.00,0.00,0.00,0.00,0.00,0.00,0.00,0.00,0.00,0.00,0.00,0.00,0.00,0.00,0.00,0.00,186.00,0.00,4024.00,0.00,4184.00,1.00,91.00,222.00,0.00,0.00,222.00,0.00,1398.00,4.00,1394.00,1394.00,4059.00,0.00,0.00,0.00,0.00,0.00,0.00,0.00,0.00,2592.00,2592.00,9376.00,9376.00,0.00,0.00,0.00,0.00,3776.00,0.00,80.00,59.00,186.00,0.00,0.00
389,0.16,109.28,4.97528E+10,4.97528E+10,3882.00,0.00,1617.00,0.06885,0.00,0.00,0.00,0.00,0.00,0.00,727.00,0.02995,0.00,0.00,4.00,13.00,3.00,0.36111,0.08333,0.00,0.00,0.00,0.00,0.00,0.00,2017.00,2.00,0.00,0.00,0.00,54.00,0.00,18.00,11.00,1.00,0.61111,0.00,0.00,0.00,0.00,0.00,0.00,0.00,0.00,0.00,0.00,0.00,0.00,0.00,0.00,0.00,0.00,0.00,0.00,0.00,0.00,61.00,0.00,62.00,0.00,62.00,1.00,1.00,6.00,0.00,1.00,6.00,0.00,27.00,2.00,25.00,25.00,54.00,0.00,0.00,0.00,0.00,0.00,0.00,0.00,0.00,96.00,96.00,384.00,384.00,0.00,0.00,0.00,0.00,192.00,0.00,3.00,3.00,61.00,0.00,0.00
392,0.16,107.52,4.97528E+10,4.97528E+10,3889.00,0.00,1608.00,0.06616,0.00,0.00,0.00,0.00,0.00,0.00,710.00,0.02735,0.00,0.00,32.00,13.00,3.00,0.36111,0.08333,0.00,0.00,0.00,0.00,0.00,0.00,1712.00,16.00,0.00,0.00,0.00,250.00,0.00,18.00,11.00,4.00,2.44444,0.00,0.00,0.00,0.00,0.00,0.00,0.00,0.00,0.00,0.00,0.00,0.00,0.00,0.00,0.00,0.00,0.00,0.00,0.00,0.00,77.00,0.00,250.00,0.00,314.00,1.00,8.00,38.00,0.00,1.00,38.00,0.00,105.00,2.00,103.00,103.00,250.00,0.00,0.00,0.00,0.00,0.00,0.00,0.00,0.00,448.00,448.00,1504.00,1504.00,0.00,0.00,0.00,0.00,1728.00,0.00,48.00,27.00,77.00,0.00,0.00
395,1.28,107.04,4.97528E+10,4.97528E+10,4292.00,0.00,2094.00,0.6242,0.00,0.00,0.00,0.00,0.00,0.00,919.00,0.27401,0.00,0.00,96.00,13.00,3.00,0.72222,0.16667,0.00,0.00,0.00,0.00,0.00,0.00,2133.00,48.00,0.00,0.00,0.00,4571.00,0.00,18.00,11.00,46.00,28.11111,0.00,0.00,0.00,0.00,0.00,0.00,0.00,0.00,0.00,0.00,0.00,0.00,0.00,0.00,0.00,0.00,0.00,0.00,0.00,0.00,154.00,0.00,4011.00,0.00,4203.00,1.00,110.00,259.00,0.00,2.00,259.00,0.00,1462.00,23.00,1439.00,1439.00,3483.00,0.00,0.00,0.00,0.00,0.00,0.00,0.00,0.00,2592.00,2592.00,8448.00,8448.00,0.00,0.00,0.00,0.00,1920.00,0.00,80.00,30.00,154.00,0.00,0.00
398,0.32,3.04,4.97528E+10,4.97528E+10,3749.00,0.00,1622.00,0.1383,0.00,0.00,0.00,0.00,0.00,0.00,503.00,0.04449,0.00,0.00,4.00,13.00,3.00,0.36111,0.08333,0.00,0.00,0.00,0.00,0.00,0.00,1651.00,2.00,0.00,0.00,0.00,54.00,0.00,18.00,11.00,1.00,0.61111,0.00,0.00,0.00,0.00,0.00,0.00,0.00,0.00,0.00,0.00,0.00,0.00,0.00,0.00,0.00,0.00,0.00,0.00,0.00,0.00,77.00,0.00,62.00,0.00,38.00,1.00,1.00,5.00,0.00,0.00,5.00,0.00,23.00,2.00,21.00,21.00,54.00,0.00,0.00,0.00,0.00,0.00,0.00,0.00,0.00,96.00,96.00,256.00,256.00,0.00,0.00,0.00,0.00,128.00,0.00,5.00,2.00,77.00,0.00,0.00
401,0.32,3.52,4.97528E+10,4.97528E+10,3620.00,0.00,1617.00,0.13762,0.00,0.00,0.00,0.00,0.00,0.00,534.00,0.04718,0.00,0.00,32.00,13.00,3.00,0.36111,0.08333,0.00,0.00,0.00,0.00,0.00,0.00,1664.00,16.00,0.00,0.00,0.00,228.00,0.00,18.00,11.00,4.50,2.75,0.00,0.00,0.00,0.00,0.00,0.00,0.00,0.00,0.00,0.00,0.00,0.00,0.00,0.00,0.00,0.00,0.00,0.00,0.00,0.00,77.00,0.00,263.00,0.00,193.00,1.00,21.00,36.00,0.00,2.00,36.00,0.00,117.00,9.00,108.00,108.00,228.00,0.00,0.00,0.00,0.00,0.00,0.00,0.00,0.00,448.00,448.00,1440.00,1440.00,0.00,0.00,0.00,0.00,640.00,0.00,51.00,10.00,77.00,0.00,0.00
404,0.48,3.52,4.97528E+10,4.97528E+10,4291.00,0.00,1887.00,0.20465,0.00,0.00,0.00,0.00,0.00,0.00,884.00,0.0987,0.00,0.00,104.00,13.00,3.00,0.72222,0.16667,0.00,0.00,0.00,0.00,0.00,0.00,1893.00,52.00,0.00,0.00,0.00,4589.00,0.00,18.00,11.00,44.50,27.19444,0.00,0.00,0.00,0.00,0.00,0.00,0.00,0.00,0.00,0.00,0.00,0.00,0.00,0.00,0.00,0.00,0.00,0.00,0.00,0.00,186.00,0.00,4321.00,0.00,4311.00,1.00,117.00,193.00,0.00,1.00,193.00,0.00,1413.00,7.00,1406.00,1406.00,4077.00,0.00,0.00,0.00,0.00,0.00,0.00,0.00,0.00,1728.00,1728.00,4576.00,4576.00,0.00,0.00,0.00,0.00,3392.00,0.00,65.00,53.00,186.00,0.00,0.00
407,0.32,3.36,4.97528E+10,4.97528E+10,3618.00,0.00,1576.00,0.13947,0.00,0.00,0.00,0.00,0.00,0.00,513.00,0.0454,0.00,0.00,4.00,13.00,3.00,0.36111,0.08333,0.00,0.00,0.00,0.00,0.00,0.00,1595.00,2.00,0.00,0.00,0.00,54.00,0.00,18.00,11.00,1.50,0.91667,0.00,0.00,0.00,0.00,0.00,0.00,0.00,0.00,0.00,0.00,0.00,0.00,0.00,0.00,0.00,0.00,0.00,0.00,0.00,0.00,77.00,0.00,23.00,0.00,62.00,1.00,1.00,6.00,0.00,0.00,6.00,0.00,27.00,2.00,25.00,25.00,54.00,0.00,0.00,0.00,0.00,0.00,0.00,0.00,0.00,64.00,64.00,160.00,160.00,0.00,0.00,0.00,0.00,64.00,0.00,5.00,1.00,77.00,0.00,0.00
410,0.32,5.28,4.97528E+10,4.97528E+10,7277.00,0.00,4376.00,0.1821,0.00,0.00,0.00,0.00,0.00,0.00,3032.00,0.13324,0.00,0.00,660.00,13.00,3.00,4.33333,1.00,0.00,0.00,0.00,0.00,0.00,0.00,3322.00,331.00,0.00,0.00,0.00,26933.00,0.00,18.00,11.00,260.50,159.19444,0.00,0.00,0.00,0.00,0.00,0.00,0.00,0.00,0.00,0.00,0.00,0.00,0.00,0.00,0.00,0.00,0.00,0.00,0.00,0.00,566.00,0.00,24875.00,0.00,24936.00,1.00,1025.00,1372.00,0.00,39.00,1372.00,0.00,8491.00,185.00,8306.00,8306.00,20789.00,0.00,0.00,0.00,0.00,0.00,39.00,0.00,0.00,21056.00,21056.00,50336.00,50336.00,0.00,0.00,0.00,0.00,18944.00,0.00,673.00,296.00,566.00,0.00,0.00
413,0.32,5.28,4.97528E+10,4.97528E+10,4311.00,0.00,1882.00,0.14421,0.00,0.00,0.00,0.00,0.00,0.00,925.00,0.07081,0.00,0.00,88.00,13.00,3.00,0.72222,0.16667,0.00,0.00,0.00,0.00,0.00,0.00,1996.00,44.00,2.00,0.00,0.00,3589.00,0.00,18.00,11.00,35.50,21.69444,0.00,0.00,0.00,0.00,0.00,0.00,0.00,0.00,0.00,0.00,0.00,0.00,0.00,0.00,0.00,0.00,0.00,0.00,0.00,0.00,109.00,0.00,3268.00,0.00,3070.00,1.00,98.00,176.00,0.00,7.00,176.00,0.00,1132.00,21.00,1111.00,1111.00,2885.00,0.00,0.00,0.00,0.00,0.00,0.00,0.00,0.00,2016.00,2016.00,4544.00,4544.00,0.00,0.00,0.00,0.00,2688.00,0.00,76.00,42.00,109.00,0.00,0.00
416,0.16,5.12,4.97528E+10,4.97528E+10,4591.00,0.00,1893.00,0.07001,0.00,0.00,0.00,0.00,0.00,0.00,925.00,0.03424,0.00,0.00,116.00,13.00,3.00,0.72222,0.16667,0.00,0.00,0.00,0.00,0.00,0.00,1951.00,58.00,0.00,0.00,0.00,5827.00,0.00,18.00,11.00,55.50,33.91667,0.00,0.00,0.00,0.00,0.00,0.00,0.00,0.00,0.00,0.00,0.00,0.00,0.00,0.00,0.00,0.00,0.00,0.00,0.00,0.00,186.00,0.00,5030.00,0.00,5300.00,1.00,137.00,239.00,0.00,6.00,239.00,0.00,1777.00,17.00,1760.00,1760.00,4675.00,0.00,0.00,0.00,0.00,0.00,0.00,0.00,0.00,4032.00,4032.00,8992.00,8992.00,0.00,0.00,0.00,0.00,2560.00,0.00,76.00,40.00,186.00,0.00,0.00
419,1.28,6.56,4.97528E+10,4.97528E+10,6877.00,0.00,1678.00,0.30644,0.00,0.00,0.00,0.00,0.00,0.00,3214.00,0.597,0.00,0.00,20.00,13.00,3.00,0.36111,0.08333,0.00,0.00,0.00,0.00,0.00,0.00,1870.00,12.00,2.00,0.00,0.00,79145.00,0.00,18.00,11.00,694.50,424.41667,0.00,0.00,0.00,0.00,0.00,0.00,0.00,0.00,0.00,0.00,0.00,0.00,0.00,0.00,0.00,0.00,0.00,0.00,0.00,0.00,1283.00,0.00,69121.00,0.00,69398.00,1.00,2743.00,2255.00,0.00,16.00,2255.00,0.00,22255.00,66.00,22189.00,22189.00,40873.00,0.00,0.00,0.00,0.00,0.00,0.00,0.00,0.00,23296.00,23296.00,68320.00,68320.00,0.00,0.00,0.00,0.00,640.00,0.00,123.00,10.00,1283.00,0.00,0.00
422,0.16,6.40,4.97528E+10,4.97528E+10,3884.00,0.00,1622.00,0.06461,0.00,0.00,0.00,0.00,0.00,0.00,793.00,0.03263,0.00,0.00,16.00,13.00,3.00,0.36111,0.08333,0.00,0.00,0.00,0.00,0.00,0.00,1684.00,8.00,0.00,0.00,0.00,2962.00,0.00,18.00,11.00,47.00,28.72222,0.00,0.00,0.00,0.00,0.00,0.00,0.00,0.00,0.00,0.00,0.00,0.00,0.00,0.00,0.00,0.00,0.00,0.00,0.00,0.00,186.00,0.00,2778.00,0.00,2650.00,1.00,108.00,641.00,0.00,330.00,641.00,0.00,2803.00,1322.00,1481.00,1481.00,2962.00,0.00,0.00,0.00,0.00,0.00,0.00,0.00,0.00,64.00,64.00,9120.00,9120.00,0.00,0.00,0.00,0.00,256.00,0.00,14.00,4.00,186.00,0.00,0.00
